-------------------------------------------------------------------------------------
-------------------VALORES CLIENTE
-------------------------------------------------------------------------------------
insert into cliente (cliente_id , tel_dueño, nombre_dueño, ap_paterno, ap_materno, colonia, calle) values (1, '3216351443', 'Hashim', 'Leslie', 'Ivanishchev', '9 Park Meadow Circle', '68847 Lindbergh Crossing');
insert into cliente (cliente_id , tel_dueño, nombre_dueño, ap_paterno, ap_materno, colonia, calle) values (2, '5678921039', 'Belva', 'Fireman', 'Nickless', '760 Amoth Terrace', '32 Glendale Trail');
insert into cliente (cliente_id , tel_dueño, nombre_dueño, ap_paterno, ap_materno, colonia, calle) values (3, '7056033140', 'Niven', 'Bushill', 'Washbrook', '85 Green Center', '84 Glacier Hill Way');
insert into cliente (cliente_id , tel_dueño, nombre_dueño, ap_paterno, ap_materno, colonia, calle) values (4, '3945097413', 'Kaja', 'Deex', 'Macconachy', '06309 Mifflin Center', '50 Hagan Park');
insert into cliente (cliente_id , tel_dueño, nombre_dueño, ap_paterno, ap_materno, colonia, calle) values (5, '9093377422', 'Garreth', 'Schwanden', 'Deppe', '46846 Crest Line Circle', '143 Sunnyside Lane');
insert into cliente (cliente_id , tel_dueño, nombre_dueño, ap_paterno, ap_materno, colonia, calle) values (6, '3958206933', 'Kerk', 'MacCurlye', 'Largan', '0 Blaine Alley', '1 Sommers Crossing');
insert into cliente (cliente_id , tel_dueño, nombre_dueño, ap_paterno, ap_materno, colonia, calle) values (7, '7062129422', 'Vern', 'Beausang', 'Najafian', '3 Dahle Avenue', '529 Mayfield Park');
insert into cliente (cliente_id , tel_dueño, nombre_dueño, ap_paterno, ap_materno, colonia, calle) values (8, '8586666876', 'Barrie', 'Tissell', 'Moorfield', '57 Morrow Road', '765 Prentice Hill');
insert into cliente (cliente_id , tel_dueño, nombre_dueño, ap_paterno, ap_materno, colonia, calle) values (9, '4042951434', 'Del', 'Paik', 'Woolmore', '50863 New Castle Trail', '2970 Northwestern Plaza');
insert into cliente (cliente_id , tel_dueño, nombre_dueño, ap_paterno, ap_materno, colonia, calle) values (10, '3199690782', 'Gerhardine', 'Tewkesberrie', 'Skates', '8889 Clyde Gallagher Point', '0716 Lien Circle');
insert into cliente (cliente_id , tel_dueño, nombre_dueño, ap_paterno, ap_materno, colonia, calle) values (11, '8943642968', 'Gardiner', 'Tunno', 'Shuttle', '6276 Manley Crossing', '071 American Road');
insert into cliente (cliente_id , tel_dueño, nombre_dueño, ap_paterno, ap_materno, colonia, calle) values (12, '8671132078', 'Onfroi', 'Hauger', 'Greste', '3250 Sullivan Plaza', '7 John Wall Pass');
insert into cliente (cliente_id , tel_dueño, nombre_dueño, ap_paterno, ap_materno, colonia, calle) values (13, '7368886168', 'Nixie', 'Buglass', 'Toll', '9273 Kipling Hill', '486 Pawling Junction');
insert into cliente (cliente_id , tel_dueño, nombre_dueño, ap_paterno, ap_materno, colonia, calle) values (14, '6772391015', 'Giavani', 'Goldman', 'Othick', '0072 Katie Lane', '262 North Hill');
insert into cliente (cliente_id , tel_dueño, nombre_dueño, ap_paterno, ap_materno, colonia, calle) values (15, '4461469647', 'Whitaker', 'Bjerkan', 'Larver', '792 Buhler Alley', '6922 Fallview Center');
insert into cliente (cliente_id , tel_dueño, nombre_dueño, ap_paterno, ap_materno, colonia, calle) values (16, '7963861651', 'Bernette', 'Spitell', 'Firbanks', '1 Rockefeller Junction', '457 Dennis Crossing');
insert into cliente (cliente_id , tel_dueño, nombre_dueño, ap_paterno, ap_materno, colonia, calle) values (17, '6673323088', 'Benjamen', 'Arpur', 'Mullan', '4099 Bluejay Court', '18 Lillian Park');
insert into cliente (cliente_id , tel_dueño, nombre_dueño, ap_paterno, ap_materno, colonia, calle) values (18, '4069971127', 'Zondra', 'Cammish', 'Kuzma', '398 Arizona Trail', '08 Eggendart Parkway');
insert into cliente (cliente_id , tel_dueño, nombre_dueño, ap_paterno, ap_materno, colonia, calle) values (19, '4266183972', 'Elga', 'Dade', 'Ferronel', '70 Messerschmidt Point', '8 Nevada Alley');
insert into cliente (cliente_id , tel_dueño, nombre_dueño, ap_paterno, ap_materno, colonia, calle) values (20, '9432797943', 'Jackson', 'Hammersley', 'Ritter', '367 David Way', '484 Bartillon Avenue');
insert into cliente (cliente_id , tel_dueño, nombre_dueño, ap_paterno, ap_materno, colonia, calle) values (21, '3279992227', 'Doralia', 'Malia', 'Briamo', '99172 Reindahl Alley', '64 Fairfield Alley');
insert into cliente (cliente_id , tel_dueño, nombre_dueño, ap_paterno, ap_materno, colonia, calle) values (22, '4195201661', 'Constancia', 'Petrussi', 'Gotcher', '1 Dakota Road', '58 Mayfield Drive');
insert into cliente (cliente_id , tel_dueño, nombre_dueño, ap_paterno, ap_materno, colonia, calle) values (23, '7155529900', 'Arabella', 'Overill', 'Errowe', '36988 Claremont Way', '43555 Myrtle Hill');
insert into cliente (cliente_id , tel_dueño, nombre_dueño, ap_paterno, ap_materno, colonia, calle) values (24, '9906495898', 'Agnes', 'Passingham', 'Machan', '68 Mesta Avenue', '6773 Mesta Parkway');
insert into cliente (cliente_id , tel_dueño, nombre_dueño, ap_paterno, ap_materno, colonia, calle) values (25, '5988533924', 'Connie', 'Spohr', 'Miere', '983 Sutherland Place', '451 Manitowish Plaza');
insert into cliente (cliente_id , tel_dueño, nombre_dueño, ap_paterno, ap_materno, colonia, calle) values (26, '9642127246', 'Christean', 'Klemencic', 'Favell', '0941 Helena Drive', '7400 Kipling Drive');
insert into cliente (cliente_id , tel_dueño, nombre_dueño, ap_paterno, ap_materno, colonia, calle) values (27, '9519033878', 'Faustine', 'Sleany', 'Acey', '90888 Sheridan Plaza', '261 Eastlawn Park');
insert into cliente (cliente_id , tel_dueño, nombre_dueño, ap_paterno, ap_materno, colonia, calle) values (28, '7102697755', 'Juli', 'Joly', 'Selvester', '61 Scofield Alley', '5 Golden Leaf Trail');
insert into cliente (cliente_id , tel_dueño, nombre_dueño, ap_paterno, ap_materno, colonia, calle) values (29, '8593077210', 'Linn', 'Dreger', 'Beckwith', '3 Loomis Trail', '3 Moulton Pass');
insert into cliente (cliente_id , tel_dueño, nombre_dueño, ap_paterno, ap_materno, colonia, calle) values (30, '9572105593', 'Meir', 'Fessier', 'Render', '2 Nova Drive', '6625 Brentwood Drive');
insert into cliente (cliente_id , tel_dueño, nombre_dueño, ap_paterno, ap_materno, colonia, calle) values (31, '1875086527', 'Sephira', 'Drury', 'Hutable', '701 Riverside Trail', '7438 Carioca Way');
insert into cliente (cliente_id , tel_dueño, nombre_dueño, ap_paterno, ap_materno, colonia, calle) values (32, '1445654756', 'Charlena', 'Russi', 'Caddens', '695 Lighthouse Bay Road', '9762 Warbler Hill');
insert into cliente (cliente_id , tel_dueño, nombre_dueño, ap_paterno, ap_materno, colonia, calle) values (33, '8893679021', 'Gerti', 'Rogez', 'Harcase', '3 Monument Terrace', '7 Redwing Park');
insert into cliente (cliente_id , tel_dueño, nombre_dueño, ap_paterno, ap_materno, colonia, calle) values (34, '8799479778', 'Avictor', 'Corstorphine', 'Briamo', '7786 Porter Plaza', '2616 Northland Lane');
insert into cliente (cliente_id , tel_dueño, nombre_dueño, ap_paterno, ap_materno, colonia, calle) values (35, '7641780643', 'Otho', 'Serman', 'Howselee', '4 Thompson Drive', '6 Dottie Point');
insert into cliente (cliente_id , tel_dueño, nombre_dueño, ap_paterno, ap_materno, colonia, calle) values (36, '6222762083', 'Keslie', 'Surfleet', 'McInility', '2445 Macpherson Point', '061 Dapin Pass');
insert into cliente (cliente_id , tel_dueño, nombre_dueño, ap_paterno, ap_materno, colonia, calle) values (37, '9475801069', 'Deloria', 'Dulanty', 'Eden', '199 Main Crossing', '3 East Pass');
insert into cliente (cliente_id , tel_dueño, nombre_dueño, ap_paterno, ap_materno, colonia, calle) values (38, '1183105043', 'Rossy', 'Frostick', 'Harme', '3 Nova Way', '625 Rusk Parkway');
insert into cliente (cliente_id , tel_dueño, nombre_dueño, ap_paterno, ap_materno, colonia, calle) values (39, '5869688021', 'Gerrie', 'Farrah', 'Sparwell', '77513 Ilene Alley', '33675 Marquette Crossing');
insert into cliente (cliente_id , tel_dueño, nombre_dueño, ap_paterno, ap_materno, colonia, calle) values (40, '2425718038', 'Domini', 'Roscamp', 'Besque', '47 Golden Leaf Drive', '19217 Manufacturers Circle');
insert into cliente (cliente_id , tel_dueño, nombre_dueño, ap_paterno, ap_materno, colonia, calle) values (41, '8529790256', 'Verine', 'Coneley', 'Cranny', '77 Superior Trail', '0 Southridge Place');
insert into cliente (cliente_id , tel_dueño, nombre_dueño, ap_paterno, ap_materno, colonia, calle) values (42, '2628729283', 'Cammie', 'Oselton', 'Guinnane', '0 Golf View Way', '50 Sycamore Junction');
insert into cliente (cliente_id , tel_dueño, nombre_dueño, ap_paterno, ap_materno, colonia, calle) values (43, '3878057107', 'Maxy', 'Glavis', 'Duggleby', '2143 Mosinee Hill', '5 Mosinee Way');
insert into cliente (cliente_id , tel_dueño, nombre_dueño, ap_paterno, ap_materno, colonia, calle) values (44, '8758561665', 'Darrell', 'Kyston', 'Anmore', '1 Melody Point', '6 Dunning Center');
insert into cliente (cliente_id , tel_dueño, nombre_dueño, ap_paterno, ap_materno, colonia, calle) values (45, '2411113714', 'Gerrilee', 'Abrahmovici', 'Petrelluzzi', '5 Forest Dale Park', '07 Texas Junction');
insert into cliente (cliente_id , tel_dueño, nombre_dueño, ap_paterno, ap_materno, colonia, calle) values (46, '2519455188', 'Kris', 'Raynor', 'Koschek', '86143 Canary Hill', '03 Glendale Plaza');
insert into cliente (cliente_id , tel_dueño, nombre_dueño, ap_paterno, ap_materno, colonia, calle) values (47, '1007857350', 'Fawn', 'Guilleton', 'Gammie', '0 Kenwood Alley', '7 Welch Place');
insert into cliente (cliente_id , tel_dueño, nombre_dueño, ap_paterno, ap_materno, colonia, calle) values (48, '6334143713', 'Morna', 'Orneles', 'Proffer', '4 Northview Way', '50 Towne Avenue');
insert into cliente (cliente_id , tel_dueño, nombre_dueño, ap_paterno, ap_materno, colonia, calle) values (49, '1071133039', 'Gloriana', 'Salsberg', 'Heeks', '831 Mcbride Trail', '3314 Jenifer Point');
insert into cliente (cliente_id , tel_dueño, nombre_dueño, ap_paterno, ap_materno, colonia, calle) values (50, '2164728882', 'Tedmund', 'Smithend', 'Heaven', '2281 Novick Circle', '154 Hermina Way');
insert into cliente (cliente_id , tel_dueño, nombre_dueño, ap_paterno, ap_materno, colonia, calle) values (51, '2441889790', 'Alma', 'Lattimer', 'Greneham', '47479 Bartillon Junction', '53 Eggendart Parkway');
insert into cliente (cliente_id , tel_dueño, nombre_dueño, ap_paterno, ap_materno, colonia, calle) values (52, '9555322284', 'Coleen', 'Zannelli', 'Gepp', '46134 Iowa Way', '1 Ridgeview Crossing');
insert into cliente (cliente_id , tel_dueño, nombre_dueño, ap_paterno, ap_materno, colonia, calle) values (53, '7639785798', 'Joice', 'Paxeford', 'MacElroy', '89 Blackbird Place', '93 Waxwing Lane');
insert into cliente (cliente_id , tel_dueño, nombre_dueño, ap_paterno, ap_materno, colonia, calle) values (54, '2858344940', 'Royce', 'Sotworth', 'Owlner', '88 Mccormick Hill', '122 Green Ridge Terrace');
insert into cliente (cliente_id , tel_dueño, nombre_dueño, ap_paterno, ap_materno, colonia, calle) values (55, '8075881493', 'Estella', 'Juanes', 'Touson', '2067 Troy Circle', '068 Sachs Terrace');
insert into cliente (cliente_id , tel_dueño, nombre_dueño, ap_paterno, ap_materno, colonia, calle) values (56, '1763786023', 'Roy', 'Spellard', 'Quiney', '043 Oak Center', '65863 Golf Trail');
insert into cliente (cliente_id , tel_dueño, nombre_dueño, ap_paterno, ap_materno, colonia, calle) values (57, '4083828484', 'Ede', 'Strick', 'Bordessa', '6342 Erie Center', '513 Upham Street');
insert into cliente (cliente_id , tel_dueño, nombre_dueño, ap_paterno, ap_materno, colonia, calle) values (58, '8315824347', 'Leora', 'Filtness', 'Moulden', '36 Rockefeller Center', '097 Claremont Terrace');
insert into cliente (cliente_id , tel_dueño, nombre_dueño, ap_paterno, ap_materno, colonia, calle) values (59, '2479720754', 'Mordecai', 'Ilieve', 'Northleigh', '29 Golf View Junction', '0958 Holmberg Crossing');
insert into cliente (cliente_id , tel_dueño, nombre_dueño, ap_paterno, ap_materno, colonia, calle) values (60, '7525450363', 'Pebrook', 'Dennert', 'Franseco', '26 Park Meadow Court', '2006 Moulton Center');
insert into cliente (cliente_id , tel_dueño, nombre_dueño, ap_paterno, ap_materno, colonia, calle) values (61, '1022938580', 'Ozzie', 'Jellybrand', 'Ruberry', '7540 Dorton Road', '85025 Blackbird Road');
insert into cliente (cliente_id , tel_dueño, nombre_dueño, ap_paterno, ap_materno, colonia, calle) values (62, '7903529690', 'Courtnay', 'Thomas', 'Wigzell', '86 Blue Bill Park Park', '2550 Bunting Point');
insert into cliente (cliente_id , tel_dueño, nombre_dueño, ap_paterno, ap_materno, colonia, calle) values (63, '8769946372', 'Minette', 'Lattey', 'Rodgier', '51030 Scofield Point', '99487 Dryden Court');
insert into cliente (cliente_id , tel_dueño, nombre_dueño, ap_paterno, ap_materno, colonia, calle) values (64, '7243111494', 'Marcellina', 'Bohlje', 'Clubb', '7593 Grim Way', '81 Londonderry Avenue');
insert into cliente (cliente_id , tel_dueño, nombre_dueño, ap_paterno, ap_materno, colonia, calle) values (65, '6576552545', 'Lurline', 'Gosnoll', 'Maass', '7412 Buena Vista Court', '45 Boyd Place');
insert into cliente (cliente_id , tel_dueño, nombre_dueño, ap_paterno, ap_materno, colonia, calle) values (66, '1837196937', 'Amalia', 'Duckham', 'Lilion', '1945 Upham Point', '9770 Bluestem Pass');
insert into cliente (cliente_id , tel_dueño, nombre_dueño, ap_paterno, ap_materno, colonia, calle) values (67, '5102737284', 'Burnard', 'Youthead', 'Dresche', '8 Jay Court', '7539 Manufacturers Street');
insert into cliente (cliente_id , tel_dueño, nombre_dueño, ap_paterno, ap_materno, colonia, calle) values (68, '4273044027', 'Ferd', 'Andreucci', 'Goolding', '3 Garrison Park', '570 Bultman Plaza');
insert into cliente (cliente_id , tel_dueño, nombre_dueño, ap_paterno, ap_materno, colonia, calle) values (69, '3733089556', 'Alma', 'Bothen', 'Gullberg', '79 Glacier Hill Road', '24598 Fairfield Alley');
insert into cliente (cliente_id , tel_dueño, nombre_dueño, ap_paterno, ap_materno, colonia, calle) values (70, '7339910856', 'Karla', 'McNaught', 'Kearney', '241 Lakeland Lane', '6 Brown Street');
insert into cliente (cliente_id , tel_dueño, nombre_dueño, ap_paterno, ap_materno, colonia, calle) values (71, '9327823612', 'Hertha', 'Slocom', 'Batham', '87433 Fulton Lane', '2 Fisk Place');
insert into cliente (cliente_id , tel_dueño, nombre_dueño, ap_paterno, ap_materno, colonia, calle) values (72, '1631935906', 'Cristin', 'Boyack', 'Grishakin', '08 Toban Hill', '2 Dryden Lane');
insert into cliente (cliente_id , tel_dueño, nombre_dueño, ap_paterno, ap_materno, colonia, calle) values (73, '1694092592', 'Tomlin', 'Nudds', 'Sinfield', '185 Sycamore Pass', '8 Jenifer Crossing');
insert into cliente (cliente_id , tel_dueño, nombre_dueño, ap_paterno, ap_materno, colonia, calle) values (74, '2384893715', 'Worthington', 'Cassella', 'McGirr', '78 Kensington Lane', '8 Del Sol Point');
insert into cliente (cliente_id , tel_dueño, nombre_dueño, ap_paterno, ap_materno, colonia, calle) values (75, '9887945212', 'Hewet', 'Castleman', 'Curwood', '16383 Birchwood Plaza', '465 Kennedy Park');
insert into cliente (cliente_id , tel_dueño, nombre_dueño, ap_paterno, ap_materno, colonia, calle) values (76, '8233750179', 'Andriette', 'Goulston', 'Lutz', '8 Bartelt Plaza', '6495 3rd Center');
insert into cliente (cliente_id , tel_dueño, nombre_dueño, ap_paterno, ap_materno, colonia, calle) values (77, '1424703172', 'Kerr', 'Olivera', 'Jagg', '2711 Cardinal Parkway', '039 Magdeline Point');
insert into cliente (cliente_id , tel_dueño, nombre_dueño, ap_paterno, ap_materno, colonia, calle) values (78, '5746816831', 'Ailina', 'Skellen', 'Baynom', '3981 Lakewood Crossing', '234 Riverside Pass');
insert into cliente (cliente_id , tel_dueño, nombre_dueño, ap_paterno, ap_materno, colonia, calle) values (79, '8054167748', 'Gabi', 'Barfford', 'Moffett', '9299 Reinke Avenue', '67751 Mosinee Way');
insert into cliente (cliente_id , tel_dueño, nombre_dueño, ap_paterno, ap_materno, colonia, calle) values (80, '9181329707', 'Anna-diane', 'Fairn', 'Divina', '1 Londonderry Hill', '334 Orin Avenue');
insert into cliente (cliente_id , tel_dueño, nombre_dueño, ap_paterno, ap_materno, colonia, calle) values (81, '3223849150', 'Debi', 'Marxsen', 'Proudlock', '304 Truax Center', '5481 Ryan Court');
insert into cliente (cliente_id , tel_dueño, nombre_dueño, ap_paterno, ap_materno, colonia, calle) values (82, '7127646553', 'Aarika', 'Richfield', 'Willmott', '0 Northport Alley', '40844 Meadow Ridge Way');
insert into cliente (cliente_id , tel_dueño, nombre_dueño, ap_paterno, ap_materno, colonia, calle) values (83, '9607723181', 'Dennis', 'Wartnaby', 'Trenholme', '2 Mcbride Street', '4 Gina Trail');
insert into cliente (cliente_id , tel_dueño, nombre_dueño, ap_paterno, ap_materno, colonia, calle) values (84, '2167284876', 'Carri', 'Rampage', 'Trasler', '8 Corry Way', '053 Petterle Way');
insert into cliente (cliente_id , tel_dueño, nombre_dueño, ap_paterno, ap_materno, colonia, calle) values (85, '6616941835', 'Laurie', 'Prophet', 'Wattisham', '866 Cody Terrace', '5 Lyons Point');
insert into cliente (cliente_id , tel_dueño, nombre_dueño, ap_paterno, ap_materno, colonia, calle) values (86, '5177717391', 'Nester', 'Humblestone', 'Aburrow', '9906 Lakewood Gardens Pass', '9 Prairieview Junction');
insert into cliente (cliente_id , tel_dueño, nombre_dueño, ap_paterno, ap_materno, colonia, calle) values (87, '2707897710', 'Roobbie', 'Trenholm', 'Bolsteridge', '15317 Springview Center', '3 Gale Place');
insert into cliente (cliente_id , tel_dueño, nombre_dueño, ap_paterno, ap_materno, colonia, calle) values (88, '8629302887', 'Katrine', 'McGannon', 'Calbaithe', '88 Summer Ridge Pass', '722 Forest Run Parkway');
insert into cliente (cliente_id , tel_dueño, nombre_dueño, ap_paterno, ap_materno, colonia, calle) values (89, '8398596248', 'Winthrop', 'Lowy', 'Diess', '47736 Shasta Junction', '816 Portage Center');
insert into cliente (cliente_id , tel_dueño, nombre_dueño, ap_paterno, ap_materno, colonia, calle) values (90, '1287143977', 'Michell', 'Rossbrooke', 'Benn', '9 David Alley', '558 Coolidge Pass');
insert into cliente (cliente_id , tel_dueño, nombre_dueño, ap_paterno, ap_materno, colonia, calle) values (91, '5451760784', 'Glenna', 'Bertson', 'Farguhar', '5150 Old Shore Trail', '87 Service Drive');
insert into cliente (cliente_id , tel_dueño, nombre_dueño, ap_paterno, ap_materno, colonia, calle) values (92, '3394069334', 'Gianna', 'Coxhell', 'Stronach', '2351 Helena Parkway', '1057 Division Court');
insert into cliente (cliente_id , tel_dueño, nombre_dueño, ap_paterno, ap_materno, colonia, calle) values (93, '7683011963', 'Ozzy', 'Royson', 'Jaram', '729 Eggendart Parkway', '2 New Castle Drive');
insert into cliente (cliente_id , tel_dueño, nombre_dueño, ap_paterno, ap_materno, colonia, calle) values (94, '9174093383', 'Michal', 'Sacase', 'Berrow', '9 Packers Way', '21250 Mesta Place');
insert into cliente (cliente_id , tel_dueño, nombre_dueño, ap_paterno, ap_materno, colonia, calle) values (95, '1842129764', 'Friedrick', 'Rodenburg', 'Hurle', '97 Evergreen Drive', '06420 Michigan Drive');
insert into cliente (cliente_id , tel_dueño, nombre_dueño, ap_paterno, ap_materno, colonia, calle) values (96, '5245897724', 'Gertruda', 'Boomes', 'Buscombe', '9086 Reindahl Road', '66653 Park Meadow Circle');
insert into cliente (cliente_id , tel_dueño, nombre_dueño, ap_paterno, ap_materno, colonia, calle) values (97, '9746411795', 'Ezekiel', 'Brierly', 'Cherry Holme', '01 Golf Plaza', '19 Forest Hill');
insert into cliente (cliente_id , tel_dueño, nombre_dueño, ap_paterno, ap_materno, colonia, calle) values (98, '6243794681', 'Arlette', 'Griswaite', 'Wyse', '9611 Esch Drive', '30 Fremont Crossing');
insert into cliente (cliente_id , tel_dueño, nombre_dueño, ap_paterno, ap_materno, colonia, calle) values (99, '5123058120', 'Alvinia', 'Walkden', 'Saur', '88097 Bashford Court', '22 Mallory Trail');
insert into cliente (cliente_id , tel_dueño, nombre_dueño, ap_paterno, ap_materno, colonia, calle) values (100, '3704594636', 'Vinnie', 'Tiernan', 'Kenningley', '73304 Monterey Hill', '714 Beilfuss Alley');
insert into cliente (cliente_id , tel_dueño, nombre_dueño, ap_paterno, ap_materno, colonia, calle) values (101, '2028101406', 'Jen', 'Roycroft', 'Leadbeatter', '72 Union Alley', '85 American Ash Parkway');
insert into cliente (cliente_id , tel_dueño, nombre_dueño, ap_paterno, ap_materno, colonia, calle) values (102, '2546941713', 'Gloria', 'Marriot', 'Delany', '7 Huxley Trail', '3041 Bowman Point');
insert into cliente (cliente_id , tel_dueño, nombre_dueño, ap_paterno, ap_materno, colonia, calle) values (103, '5638689497', 'Robinette', 'Bartle', 'Bazek', '945 Grayhawk Court', '863 Toban Court');
insert into cliente (cliente_id , tel_dueño, nombre_dueño, ap_paterno, ap_materno, colonia, calle) values (104, '5925109040', 'Tracie', 'Mc Grath', 'Landsbury', '1 Loftsgordon Place', '5452 Arrowood Center');
insert into cliente (cliente_id , tel_dueño, nombre_dueño, ap_paterno, ap_materno, colonia, calle) values (105, '3305157196', 'Beck', 'Khomishin', 'Scade', '87 Holy Cross Place', '999 Karstens Way');
insert into cliente (cliente_id , tel_dueño, nombre_dueño, ap_paterno, ap_materno, colonia, calle) values (106, '4928426378', 'Lilian', 'Sorrie', 'Rime', '89271 Buhler Hill', '56210 Walton Plaza');
insert into cliente (cliente_id , tel_dueño, nombre_dueño, ap_paterno, ap_materno, colonia, calle) values (107, '9575213871', 'Ned', 'Darwin', 'Varfolomeev', '50 Forest Court', '826 Rowland Parkway');
insert into cliente (cliente_id , tel_dueño, nombre_dueño, ap_paterno, ap_materno, colonia, calle) values (108, '7511393603', 'Kareem', 'Le Sarr', 'Cauldfield', '1010 Heffernan Circle', '536 Stuart Point');
insert into cliente (cliente_id , tel_dueño, nombre_dueño, ap_paterno, ap_materno, colonia, calle) values (109, '2768715705', 'Brina', 'Smethurst', 'Camplejohn', '0676 Emmet Terrace', '46028 Harbort Parkway');
insert into cliente (cliente_id , tel_dueño, nombre_dueño, ap_paterno, ap_materno, colonia, calle) values (110, '8249620257', 'Charlean', 'Rosario', 'Marquese', '77 Novick Alley', '5577 Brown Crossing');
insert into cliente (cliente_id , tel_dueño, nombre_dueño, ap_paterno, ap_materno, colonia, calle) values (111, '8266267392', 'Annabell', 'Jelks', 'Goodlake', '45 Novick Junction', '30 Cordelia Junction');
insert into cliente (cliente_id , tel_dueño, nombre_dueño, ap_paterno, ap_materno, colonia, calle) values (112, '1858334645', 'Sholom', 'Legon', 'Craddy', '1544 Garrison Pass', '9192 Northridge Plaza');
insert into cliente (cliente_id , tel_dueño, nombre_dueño, ap_paterno, ap_materno, colonia, calle) values (113, '8187887411', 'Brad', 'Alcock', 'McDermid', '4104 Porter Avenue', '11877 Stephen Trail');
insert into cliente (cliente_id , tel_dueño, nombre_dueño, ap_paterno, ap_materno, colonia, calle) values (114, '7937485301', 'Vicky', 'Leaming', 'Vigers', '9 Alpine Center', '404 Nelson Trail');
insert into cliente (cliente_id , tel_dueño, nombre_dueño, ap_paterno, ap_materno, colonia, calle) values (115, '3679365784', 'Fredric', 'Battson', 'Aksell', '690 Eliot Way', '95 Schiller Pass');
insert into cliente (cliente_id , tel_dueño, nombre_dueño, ap_paterno, ap_materno, colonia, calle) values (116, '8331724212', 'Malva', 'Diggles', 'Grzegorek', '28752 Washington Trail', '50 Sunnyside Plaza');
insert into cliente (cliente_id , tel_dueño, nombre_dueño, ap_paterno, ap_materno, colonia, calle) values (117, '1585078635', 'Lanna', 'Canham', 'Figg', '02105 Upham Center', '13 Muir Plaza');
insert into cliente (cliente_id , tel_dueño, nombre_dueño, ap_paterno, ap_materno, colonia, calle) values (118, '6731051738', 'Alaine', 'Woodfin', 'Tonbridge', '9 Elgar Pass', '73 Fisk Plaza');
insert into cliente (cliente_id , tel_dueño, nombre_dueño, ap_paterno, ap_materno, colonia, calle) values (119, '8082291183', 'Fransisco', 'Franca', 'Ruskin', '994 Lakeland Street', '58 Pleasure Plaza');
insert into cliente (cliente_id , tel_dueño, nombre_dueño, ap_paterno, ap_materno, colonia, calle) values (120, '2218323217', 'Charlene', 'Curnok', 'Shearman', '5 Talmadge Road', '167 Forster Parkway');
insert into cliente (cliente_id , tel_dueño, nombre_dueño, ap_paterno, ap_materno, colonia, calle) values (121, '9191966196', 'Lil', 'Blant', 'Kneebone', '59486 Morning Hill', '29 Maple Alley');
insert into cliente (cliente_id , tel_dueño, nombre_dueño, ap_paterno, ap_materno, colonia, calle) values (122, '4108526025', 'Victoir', 'Sugg', 'Orris', '61193 Annamark Road', '71246 Chinook Trail');
insert into cliente (cliente_id , tel_dueño, nombre_dueño, ap_paterno, ap_materno, colonia, calle) values (123, '1299498402', 'Pepita', 'Chuney', 'Serjent', '0612 Upham Parkway', '16083 Oneill Center');
insert into cliente (cliente_id , tel_dueño, nombre_dueño, ap_paterno, ap_materno, colonia, calle) values (124, '6686137512', 'Vicky', 'Zanotti', 'Backs', '989 Pepper Wood Place', '8761 Reindahl Junction');
insert into cliente (cliente_id , tel_dueño, nombre_dueño, ap_paterno, ap_materno, colonia, calle) values (125, '7262758029', 'Gunner', 'Tesyro', 'Graalman', '24 Farwell Way', '86903 Heath Plaza');
insert into cliente (cliente_id , tel_dueño, nombre_dueño, ap_paterno, ap_materno, colonia, calle) values (126, '9242532659', 'Bee', 'Zanetello', 'Wort', '4896 Merrick Crossing', '94942 Independence Point');
insert into cliente (cliente_id , tel_dueño, nombre_dueño, ap_paterno, ap_materno, colonia, calle) values (127, '8532176160', 'Natalee', 'Fawkes', 'Tirte', '60179 Park Meadow Court', '0 Surrey Place');
insert into cliente (cliente_id , tel_dueño, nombre_dueño, ap_paterno, ap_materno, colonia, calle) values (128, '5584998591', 'Judah', 'Cockley', 'Chestney', '66 Pawling Park', '7974 Westerfield Place');
insert into cliente (cliente_id , tel_dueño, nombre_dueño, ap_paterno, ap_materno, colonia, calle) values (129, '3447886566', 'Tessie', 'Pessold', 'Wills', '45012 Texas Road', '61 Larry Point');
insert into cliente (cliente_id , tel_dueño, nombre_dueño, ap_paterno, ap_materno, colonia, calle) values (130, '2802012590', 'Mayne', 'Stanion', 'Reichardt', '706 Aberg Plaza', '20141 Claremont Road');
insert into cliente (cliente_id , tel_dueño, nombre_dueño, ap_paterno, ap_materno, colonia, calle) values (131, '6883470773', 'Olympie', 'Bermingham', 'Tibbetts', '5 7th Alley', '0755 Barnett Way');
insert into cliente (cliente_id , tel_dueño, nombre_dueño, ap_paterno, ap_materno, colonia, calle) values (132, '7691483630', 'Mathew', 'Igglesden', 'Creenan', '334 Aberg Hill', '597 Fulton Road');
insert into cliente (cliente_id , tel_dueño, nombre_dueño, ap_paterno, ap_materno, colonia, calle) values (133, '9137518794', 'Leilah', 'Jerred', 'Gilhoolie', '418 Green Ridge Way', '237 Hayes Drive');
insert into cliente (cliente_id , tel_dueño, nombre_dueño, ap_paterno, ap_materno, colonia, calle) values (134, '4248224288', 'Esdras', 'Banbrigge', 'Ecob', '7 Glendale Avenue', '8 Londonderry Road');
insert into cliente (cliente_id , tel_dueño, nombre_dueño, ap_paterno, ap_materno, colonia, calle) values (135, '6313635807', 'Cathrine', 'D''eath', 'Sang', '8 Dryden Center', '78 Truax Road');
insert into cliente (cliente_id , tel_dueño, nombre_dueño, ap_paterno, ap_materno, colonia, calle) values (136, '6844118781', 'Fletcher', 'Letts', 'Marciskewski', '63 Lyons Trail', '7 Park Meadow Pass');
insert into cliente (cliente_id , tel_dueño, nombre_dueño, ap_paterno, ap_materno, colonia, calle) values (137, '2792703580', 'Luther', 'Dumbarton', 'Bragger', '8 Shoshone Plaza', '60710 Almo Point');
insert into cliente (cliente_id , tel_dueño, nombre_dueño, ap_paterno, ap_materno, colonia, calle) values (138, '3667822689', 'Jerald', 'Power', 'Jorge', '47 Hintze Court', '3589 3rd Point');
insert into cliente (cliente_id , tel_dueño, nombre_dueño, ap_paterno, ap_materno, colonia, calle) values (139, '4117141196', 'Kyle', 'Bellinger', 'Amies', '6088 Memorial Trail', '4 Meadow Ridge Lane');
insert into cliente (cliente_id , tel_dueño, nombre_dueño, ap_paterno, ap_materno, colonia, calle) values (140, '9579734481', 'Elissa', 'Perl', 'Akess', '55714 Gulseth Place', '42 Summer Ridge Crossing');
insert into cliente (cliente_id , tel_dueño, nombre_dueño, ap_paterno, ap_materno, colonia, calle) values (141, '5622571271', 'Prent', 'Woodus', 'Allitt', '7 Sunnyside Street', '298 Columbus Street');
insert into cliente (cliente_id , tel_dueño, nombre_dueño, ap_paterno, ap_materno, colonia, calle) values (142, '3343860569', 'Mariya', 'Passby', 'Mellish', '7 Bunker Hill Way', '60699 Sunfield Park');
insert into cliente (cliente_id , tel_dueño, nombre_dueño, ap_paterno, ap_materno, colonia, calle) values (143, '8422951648', 'Ardath', 'Chichgar', 'Morkham', '0 Del Sol Court', '93 Petterle Center');
insert into cliente (cliente_id , tel_dueño, nombre_dueño, ap_paterno, ap_materno, colonia, calle) values (144, '1137761358', 'Deina', 'Puller', 'Radband', '48 Continental Road', '70676 Jay Alley');
insert into cliente (cliente_id , tel_dueño, nombre_dueño, ap_paterno, ap_materno, colonia, calle) values (145, '6802296066', 'Emlyn', 'Arkill', 'Shardlow', '99 Anthes Point', '4 Prairie Rose Alley');
insert into cliente (cliente_id , tel_dueño, nombre_dueño, ap_paterno, ap_materno, colonia, calle) values (146, '4615741193', 'Tomasine', 'Heiss', 'Guinn', '5 Sloan Pass', '1 Harbort Way');
insert into cliente (cliente_id , tel_dueño, nombre_dueño, ap_paterno, ap_materno, colonia, calle) values (147, '8301414975', 'Ephrem', 'Houlahan', 'Elliff', '9092 Bellgrove Drive', '83938 Redwing Plaza');
insert into cliente (cliente_id , tel_dueño, nombre_dueño, ap_paterno, ap_materno, colonia, calle) values (148, '4045929915', 'Joy', 'Hullins', 'Postins', '8 6th Street', '6 Gateway Alley');
insert into cliente (cliente_id , tel_dueño, nombre_dueño, ap_paterno, ap_materno, colonia, calle) values (149, '2209287403', 'Ricard', 'Dallander', 'Binham', '52 Garrison Way', '2791 Lakewood Park');
insert into cliente (cliente_id , tel_dueño, nombre_dueño, ap_paterno, ap_materno, colonia, calle) values (150, '2996697875', 'Dagmar', 'Dadson', 'Pollen', '7457 Duke Way', '52 Sunbrook Plaza');
------------------------------------------------------------------------------
---------------------VALORES MASCOTA
-----------------------------------------------------------------------------
insert into mascota (mascota_id, nombre_mascota, edad, raza, cliente_id) values (151, 'Norene', 13, 'Merops nubicus', 1);
insert into mascota (mascota_id, nombre_mascota, edad, raza, cliente_id) values (152, 'Rhianna', 12, 'Manouria emys', 2);
insert into mascota (mascota_id, nombre_mascota, edad, raza, cliente_id) values (153, 'Krissie', 6, 'Theropithecus gelada', 3);
insert into mascota (mascota_id, nombre_mascota, edad, raza, cliente_id) values (154, 'Harper', 18, 'Gerbillus sp.', 4);
insert into mascota (mascota_id, nombre_mascota, edad, raza, cliente_id) values (155, 'Alexis', 19, 'Varanus sp.', 5);
insert into mascota (mascota_id, nombre_mascota, edad, raza, cliente_id) values (156, 'Faustina', 14, 'Pseudoleistes virescens', 6);
insert into mascota (mascota_id, nombre_mascota, edad, raza, cliente_id) values (157, 'Lenard', 8, 'Microcebus murinus', 7);
insert into mascota (mascota_id, nombre_mascota, edad, raza, cliente_id) values (158, 'Correy', 18, 'Butorides striatus', 8);
insert into mascota (mascota_id, nombre_mascota, edad, raza, cliente_id) values (159, 'Ken', 6, 'Estrilda erythronotos', 9);
insert into mascota (mascota_id, nombre_mascota, edad, raza, cliente_id) values (160, 'Marco', 18, 'Coluber constrictor', 10);
insert into mascota (mascota_id, nombre_mascota, edad, raza, cliente_id) values (161, 'Kakalina', 11, 'Phasianus colchicus', 11);
insert into mascota (mascota_id, nombre_mascota, edad, raza, cliente_id) values (162, 'Jilly', 11, 'Paraxerus cepapi', 12);
insert into mascota (mascota_id, nombre_mascota, edad, raza, cliente_id) values (163, 'Micaela', 16, 'Ploceus intermedius', 13);
insert into mascota (mascota_id, nombre_mascota, edad, raza, cliente_id) values (164, 'Lancelot', 2, 'Aquila chrysaetos', 14);
insert into mascota (mascota_id, nombre_mascota, edad, raza, cliente_id) values (165, 'Archibald', 8, 'Neotoma sp.', 15);
insert into mascota (mascota_id, nombre_mascota, edad, raza, cliente_id) values (166, 'Falito', 19, 'Panthera leo', 16);
insert into mascota (mascota_id, nombre_mascota, edad, raza, cliente_id) values (167, 'Conn', 3, 'Chionis alba', 17);
insert into mascota (mascota_id, nombre_mascota, edad, raza, cliente_id) values (168, 'Allix', 13, 'Canis dingo', 18);
insert into mascota (mascota_id, nombre_mascota, edad, raza, cliente_id) values (169, 'Adelaida', 20, 'Pavo cristatus', 19);
insert into mascota (mascota_id, nombre_mascota, edad, raza, cliente_id) values (170, 'Ianthe', 15, 'Elephas maximus bengalensis', 20);
insert into mascota (mascota_id, nombre_mascota, edad, raza, cliente_id) values (171, 'Candis', 11, 'Mellivora capensis', 21);
insert into mascota (mascota_id, nombre_mascota, edad, raza, cliente_id) values (172, 'Korella', 18, 'Ovis canadensis', 22);
insert into mascota (mascota_id, nombre_mascota, edad, raza, cliente_id) values (173, 'Ashlee', 6, 'Ovibos moschatus', 23);
insert into mascota (mascota_id, nombre_mascota, edad, raza, cliente_id) values (174, 'Thibaut', 15, 'unavailable', 24);
insert into mascota (mascota_id, nombre_mascota, edad, raza, cliente_id) values (175, 'Craggy', 8, 'Tamiasciurus hudsonicus', 25);
insert into mascota (mascota_id, nombre_mascota, edad, raza, cliente_id) values (176, 'Harmon', 15, 'Leptoptilos crumeniferus', 26);
insert into mascota (mascota_id, nombre_mascota, edad, raza, cliente_id) values (177, 'Reese', 19, 'Cacatua galerita', 27);
insert into mascota (mascota_id, nombre_mascota, edad, raza, cliente_id) values (178, 'Berget', 6, 'unavailable', 28);
insert into mascota (mascota_id, nombre_mascota, edad, raza, cliente_id) values (179, 'Winona', 12, 'Ammospermophilus nelsoni', 29);
insert into mascota (mascota_id, nombre_mascota, edad, raza, cliente_id) values (180, 'Polly', 4, 'Cervus duvauceli', 30);
insert into mascota (mascota_id, nombre_mascota, edad, raza, cliente_id) values (181, 'Ezequiel', 18, 'Procyon cancrivorus', 31);
insert into mascota (mascota_id, nombre_mascota, edad, raza, cliente_id) values (182, 'Nathanil', 13, 'Sarcophilus harrisii', 32);
insert into mascota (mascota_id, nombre_mascota, edad, raza, cliente_id) values (183, 'Glenden', 15, 'Diomedea irrorata', 33);
insert into mascota (mascota_id, nombre_mascota, edad, raza, cliente_id) values (184, 'Brockie', 20, 'Crocuta crocuta', 34);
insert into mascota (mascota_id, nombre_mascota, edad, raza, cliente_id) values (185, 'Antons', 15, 'Melophus lathami', 35);
insert into mascota (mascota_id, nombre_mascota, edad, raza, cliente_id) values (186, 'Petrina', 20, 'Theropithecus gelada', 36);
insert into mascota (mascota_id, nombre_mascota, edad, raza, cliente_id) values (187, 'Gabie', 11, 'Ceratotherium simum', 37);
insert into mascota (mascota_id, nombre_mascota, edad, raza, cliente_id) values (188, 'Crosby', 6, 'Nasua nasua', 38);
insert into mascota (mascota_id, nombre_mascota, edad, raza, cliente_id) values (189, 'Jeannie', 15, 'Casmerodius albus', 39);
insert into mascota (mascota_id, nombre_mascota, edad, raza, cliente_id) values (190, 'Devlen', 15, 'Aonyx cinerea', 40);
insert into mascota (mascota_id, nombre_mascota, edad, raza, cliente_id) values (191, 'Phaidra', 16, 'Aegypius occipitalis', 41);
insert into mascota (mascota_id, nombre_mascota, edad, raza, cliente_id) values (192, 'Allistir', 1, 'Sciurus vulgaris', 42);
insert into mascota (mascota_id, nombre_mascota, edad, raza, cliente_id) values (193, 'Hube', 18, 'Ovis orientalis', 43);
insert into mascota (mascota_id, nombre_mascota, edad, raza, cliente_id) values (194, 'Hedwiga', 6, 'Lorythaixoides concolor', 44);
insert into mascota (mascota_id, nombre_mascota, edad, raza, cliente_id) values (195, 'Waylen', 2, 'Loris tardigratus', 45);
insert into mascota (mascota_id, nombre_mascota, edad, raza, cliente_id) values (196, 'Morley', 14, 'Lepus arcticus', 46);
insert into mascota (mascota_id, nombre_mascota, edad, raza, cliente_id) values (197, 'Spenser', 7, 'unavailable', 47);
insert into mascota (mascota_id, nombre_mascota, edad, raza, cliente_id) values (198, 'Derk', 17, 'Papilio canadensis', 48);
insert into mascota (mascota_id, nombre_mascota, edad, raza, cliente_id) values (199, 'Karine', 16, 'Nyctanassa violacea', 49);
insert into mascota (mascota_id, nombre_mascota, edad, raza, cliente_id) values (200, 'Sheree', 12, 'Sus scrofa', 50);
insert into mascota (mascota_id, nombre_mascota, edad, raza, cliente_id) values (201, 'Evita', 5, 'Ephipplorhynchus senegalensis', 51);
insert into mascota (mascota_id, nombre_mascota, edad, raza, cliente_id) values (202, 'Adina', 2, 'Marmota flaviventris', 52);
insert into mascota (mascota_id, nombre_mascota, edad, raza, cliente_id) values (203, 'Kiley', 14, 'unavailable', 53);
insert into mascota (mascota_id, nombre_mascota, edad, raza, cliente_id) values (204, 'Sheelah', 8, 'Bucorvus leadbeateri', 54);
insert into mascota (mascota_id, nombre_mascota, edad, raza, cliente_id) values (205, 'Alfi', 9, 'Aegypius occipitalis', 55);
insert into mascota (mascota_id, nombre_mascota, edad, raza, cliente_id) values (206, 'Shannon', 20, 'Vulpes vulpes', 56);
insert into mascota (mascota_id, nombre_mascota, edad, raza, cliente_id) values (207, 'Ramonda', 11, 'Macropus fuliginosus', 57);
insert into mascota (mascota_id, nombre_mascota, edad, raza, cliente_id) values (208, 'Hobey', 19, 'Phalaropus lobatus', 58);
insert into mascota (mascota_id, nombre_mascota, edad, raza, cliente_id) values (209, 'Rube', 1, 'Cercatetus concinnus', 59);
insert into mascota (mascota_id, nombre_mascota, edad, raza, cliente_id) values (210, 'Kimmie', 13, 'Cervus canadensis', 60);
insert into mascota (mascota_id, nombre_mascota, edad, raza, cliente_id) values (211, 'Alva', 4, 'Anas bahamensis', 61);
insert into mascota (mascota_id, nombre_mascota, edad, raza, cliente_id) values (212, 'Val', 17, 'Sceloporus magister', 62);
insert into mascota (mascota_id, nombre_mascota, edad, raza, cliente_id) values (213, 'Jane', 15, 'unavailable', 63);
insert into mascota (mascota_id, nombre_mascota, edad, raza, cliente_id) values (214, 'Denise', 6, 'Heloderma horridum', 64);
insert into mascota (mascota_id, nombre_mascota, edad, raza, cliente_id) values (215, 'Hettie', 9, 'Haematopus ater', 65);
insert into mascota (mascota_id, nombre_mascota, edad, raza, cliente_id) values (216, 'Travers', 13, 'Ploceus rubiginosus', 66);
insert into mascota (mascota_id, nombre_mascota, edad, raza, cliente_id) values (217, 'Ruby', 13, 'Passer domesticus', 67);
insert into mascota (mascota_id, nombre_mascota, edad, raza, cliente_id) values (218, 'Harriott', 9, 'Macropus giganteus', 68);
insert into mascota (mascota_id, nombre_mascota, edad, raza, cliente_id) values (219, 'Erika', 1, 'Uraeginthus granatina', 69);
insert into mascota (mascota_id, nombre_mascota, edad, raza, cliente_id) values (220, 'Daphene', 14, 'Alouatta seniculus', 70);
insert into mascota (mascota_id, nombre_mascota, edad, raza, cliente_id) values (221, 'Malena', 7, 'Larus dominicanus', 71);
insert into mascota (mascota_id, nombre_mascota, edad, raza, cliente_id) values (222, 'Fiann', 8, 'Lemur fulvus', 72);
insert into mascota (mascota_id, nombre_mascota, edad, raza, cliente_id) values (223, 'Inigo', 1, 'unavailable', 73);
insert into mascota (mascota_id, nombre_mascota, edad, raza, cliente_id) values (224, 'Merla', 13, 'Nasua nasua', 74);
insert into mascota (mascota_id, nombre_mascota, edad, raza, cliente_id) values (225, 'Chicky', 16, 'Creagrus furcatus', 75);
insert into mascota (mascota_id, nombre_mascota, edad, raza, cliente_id) values (226, 'Katharine', 17, 'Sceloporus magister', 76);
insert into mascota (mascota_id, nombre_mascota, edad, raza, cliente_id) values (227, 'Lita', 16, 'Sciurus vulgaris', 77);
insert into mascota (mascota_id, nombre_mascota, edad, raza, cliente_id) values (228, 'Lari', 10, 'Pedetes capensis', 78);
insert into mascota (mascota_id, nombre_mascota, edad, raza, cliente_id) values (229, 'Alexei', 6, 'Colobus guerza', 79);
insert into mascota (mascota_id, nombre_mascota, edad, raza, cliente_id) values (230, 'Zsazsa', 6, 'Pterocles gutturalis', 80);
insert into mascota (mascota_id, nombre_mascota, edad, raza, cliente_id) values (231, 'Obed', 1, 'Ramphastos tucanus', 81);
insert into mascota (mascota_id, nombre_mascota, edad, raza, cliente_id) values (232, 'Molly', 1, 'Eunectes sp.', 82);
insert into mascota (mascota_id, nombre_mascota, edad, raza, cliente_id) values (233, 'Caldwell', 7, 'Canis lupus baileyi', 83);
insert into mascota (mascota_id, nombre_mascota, edad, raza, cliente_id) values (234, 'Ric', 6, 'Zalophus californicus', 84);
insert into mascota (mascota_id, nombre_mascota, edad, raza, cliente_id) values (235, 'Abbi', 15, 'Macropus rufogriseus', 85);
insert into mascota (mascota_id, nombre_mascota, edad, raza, cliente_id) values (236, 'Sadella', 12, 'Paroaria gularis', 86);
insert into mascota (mascota_id, nombre_mascota, edad, raza, cliente_id) values (237, 'Michael', 9, 'Acrobates pygmaeus', 87);
insert into mascota (mascota_id, nombre_mascota, edad, raza, cliente_id) values (238, 'Sigrid', 14, 'Platalea leucordia', 88);
insert into mascota (mascota_id, nombre_mascota, edad, raza, cliente_id) values (239, 'Tabbatha', 1, 'Pelecanus conspicillatus', 89);
insert into mascota (mascota_id, nombre_mascota, edad, raza, cliente_id) values (240, 'Aveline', 4, 'Phoca vitulina', 90);
insert into mascota (mascota_id, nombre_mascota, edad, raza, cliente_id) values (241, 'Tammy', 1, 'Passer domesticus', 91);
insert into mascota (mascota_id, nombre_mascota, edad, raza, cliente_id) values (242, 'Betta', 12, 'Pycnonotus barbatus', 92);
insert into mascota (mascota_id, nombre_mascota, edad, raza, cliente_id) values (243, 'Jobey', 20, 'Megaderma spasma', 93);
insert into mascota (mascota_id, nombre_mascota, edad, raza, cliente_id) values (244, 'Jacquenette', 4, 'Threskionis aethiopicus', 94);
insert into mascota (mascota_id, nombre_mascota, edad, raza, cliente_id) values (245, 'Ryley', 3, 'Macropus rufogriseus', 95);
insert into mascota (mascota_id, nombre_mascota, edad, raza, cliente_id) values (246, 'Reinold', 5, 'Speotyte cuniculata', 96);
insert into mascota (mascota_id, nombre_mascota, edad, raza, cliente_id) values (247, 'Elyse', 13, 'Cordylus giganteus', 97);
insert into mascota (mascota_id, nombre_mascota, edad, raza, cliente_id) values (248, 'Robers', 12, 'Eumetopias jubatus', 98);
insert into mascota (mascota_id, nombre_mascota, edad, raza, cliente_id) values (249, 'Langsdon', 11, 'Bubo virginianus', 99);
insert into mascota (mascota_id, nombre_mascota, edad, raza, cliente_id) values (250, 'Marianna', 11, 'Mungos mungo', 100);
insert into mascota (mascota_id, nombre_mascota, edad, raza, cliente_id) values (251, 'Luigi', 11, 'Hystrix cristata', 101);
insert into mascota (mascota_id, nombre_mascota, edad, raza, cliente_id) values (252, 'Cissiee', 7, 'Spermophilus lateralis', 102);
insert into mascota (mascota_id, nombre_mascota, edad, raza, cliente_id) values (253, 'Benita', 15, 'Toxostoma curvirostre', 103);
insert into mascota (mascota_id, nombre_mascota, edad, raza, cliente_id) values (254, 'Dorey', 12, 'Manouria emys', 104);
insert into mascota (mascota_id, nombre_mascota, edad, raza, cliente_id) values (255, 'Dael', 15, 'Boa caninus', 105);
insert into mascota (mascota_id, nombre_mascota, edad, raza, cliente_id) values (256, 'Wakefield', 4, 'Tamandua tetradactyla', 106);
insert into mascota (mascota_id, nombre_mascota, edad, raza, cliente_id) values (257, 'Emelita', 3, 'Haliaeetus leucoryphus', 107);
insert into mascota (mascota_id, nombre_mascota, edad, raza, cliente_id) values (258, 'Max', 16, 'Ciconia ciconia', 108);
insert into mascota (mascota_id, nombre_mascota, edad, raza, cliente_id) values (259, 'Durward', 13, 'Nyctereutes procyonoides', 109);
insert into mascota (mascota_id, nombre_mascota, edad, raza, cliente_id) values (260, 'Ashlan', 9, 'Spermophilus richardsonii', 110);
insert into mascota (mascota_id, nombre_mascota, edad, raza, cliente_id) values (261, 'Elisabetta', 10, 'Eolophus roseicapillus', 111);
insert into mascota (mascota_id, nombre_mascota, edad, raza, cliente_id) values (262, 'Anton', 16, 'Pseudoleistes virescens', 112);
insert into mascota (mascota_id, nombre_mascota, edad, raza, cliente_id) values (263, 'Ruggiero', 17, 'Dasyprocta leporina', 113);
insert into mascota (mascota_id, nombre_mascota, edad, raza, cliente_id) values (264, 'Boigie', 14, 'Phylurus milli', 114);
insert into mascota (mascota_id, nombre_mascota, edad, raza, cliente_id) values (265, 'Marlie', 3, 'Canis aureus', 115);
insert into mascota (mascota_id, nombre_mascota, edad, raza, cliente_id) values (266, 'Cassie', 19, 'Hippotragus equinus', 116);
insert into mascota (mascota_id, nombre_mascota, edad, raza, cliente_id) values (267, 'Cristiano', 14, 'Streptopelia senegalensis', 117);
insert into mascota (mascota_id, nombre_mascota, edad, raza, cliente_id) values (268, 'Serene', 4, 'Cebus nigrivittatus', 118);
insert into mascota (mascota_id, nombre_mascota, edad, raza, cliente_id) values (269, 'Fania', 8, 'Paradoxurus hermaphroditus', 119);
insert into mascota (mascota_id, nombre_mascota, edad, raza, cliente_id) values (270, 'Harriott', 1, 'Orcinus orca', 120);
insert into mascota (mascota_id, nombre_mascota, edad, raza, cliente_id) values (271, 'Ronnie', 9, 'Stercorarius longicausus', 121);
insert into mascota (mascota_id, nombre_mascota, edad, raza, cliente_id) values (272, 'Marja', 12, 'Tursiops truncatus', 122);
insert into mascota (mascota_id, nombre_mascota, edad, raza, cliente_id) values (273, 'Kaine', 1, 'Mungos mungo', 123);
insert into mascota (mascota_id, nombre_mascota, edad, raza, cliente_id) values (274, 'Kalvin', 18, 'Pseudoleistes virescens', 124);
insert into mascota (mascota_id, nombre_mascota, edad, raza, cliente_id) values (275, 'Antone', 7, 'Mungos mungo', 125);
insert into mascota (mascota_id, nombre_mascota, edad, raza, cliente_id) values (276, 'Cchaddie', 11, 'Oryx gazella', 126);
insert into mascota (mascota_id, nombre_mascota, edad, raza, cliente_id) values (277, 'Man', 2, 'Streptopelia senegalensis', 127);
insert into mascota (mascota_id, nombre_mascota, edad, raza, cliente_id) values (278, 'Gerry', 17, 'Alligator mississippiensis', 128);
insert into mascota (mascota_id, nombre_mascota, edad, raza, cliente_id) values (279, 'Cullan', 9, 'Pituophis melanaleucus', 129);
insert into mascota (mascota_id, nombre_mascota, edad, raza, cliente_id) values (280, 'Gregoire', 10, 'Agouti paca', 130);
insert into mascota (mascota_id, nombre_mascota, edad, raza, cliente_id) values (281, 'Kare', 13, 'Oryx gazella', 131);
insert into mascota (mascota_id, nombre_mascota, edad, raza, cliente_id) values (282, 'Bronnie', 9, 'Drymarchon corias couperi', 132);
insert into mascota (mascota_id, nombre_mascota, edad, raza, cliente_id) values (283, 'Vikky', 7, 'Bucorvus leadbeateri', 133);
insert into mascota (mascota_id, nombre_mascota, edad, raza, cliente_id) values (284, 'Sukey', 7, 'Cordylus giganteus', 134);
insert into mascota (mascota_id, nombre_mascota, edad, raza, cliente_id) values (285, 'Chandler', 17, 'Panthera leo', 135);
insert into mascota (mascota_id, nombre_mascota, edad, raza, cliente_id) values (286, 'Carita', 3, 'Pseudocheirus peregrinus', 136);
insert into mascota (mascota_id, nombre_mascota, edad, raza, cliente_id) values (287, 'Evelin', 7, 'Notechis semmiannulatus', 137);
insert into mascota (mascota_id, nombre_mascota, edad, raza, cliente_id) values (288, 'Dale', 7, 'Cervus elaphus', 138);
insert into mascota (mascota_id, nombre_mascota, edad, raza, cliente_id) values (289, 'Maureen', 15, 'Taurotagus oryx', 139);
insert into mascota (mascota_id, nombre_mascota, edad, raza, cliente_id) values (290, 'Parrnell', 13, 'Coendou prehensilis', 140);
insert into mascota (mascota_id, nombre_mascota, edad, raza, cliente_id) values (291, 'Kala', 12, 'Chlamydosaurus kingii', 141);
insert into mascota (mascota_id, nombre_mascota, edad, raza, cliente_id) values (292, 'Helga', 20, 'Nyctea scandiaca', 142);
insert into mascota (mascota_id, nombre_mascota, edad, raza, cliente_id) values (293, 'Libbi', 17, 'Sylvicapra grimma', 143);
insert into mascota (mascota_id, nombre_mascota, edad, raza, cliente_id) values (294, 'Malina', 19, 'Equus burchelli', 144);
insert into mascota (mascota_id, nombre_mascota, edad, raza, cliente_id) values (295, 'Rees', 13, 'Macaca radiata', 145);
insert into mascota (mascota_id, nombre_mascota, edad, raza, cliente_id) values (296, 'Pattie', 15, 'Cacatua tenuirostris', 146);
insert into mascota (mascota_id, nombre_mascota, edad, raza, cliente_id) values (297, 'Didi', 2, 'unavailable', 147);
insert into mascota (mascota_id, nombre_mascota, edad, raza, cliente_id) values (298, 'Clarisse', 1, 'Paradoxurus hermaphroditus', 148);
insert into mascota (mascota_id, nombre_mascota, edad, raza, cliente_id) values (299, 'Garvin', 17, 'Pycnonotus barbatus', 149);
insert into mascota (mascota_id, nombre_mascota, edad, raza, cliente_id) values (300, 'Tiffi', 17, 'Castor canadensis', 150);
-----------------------------------------------------------
--------VALORES SERVICIO
-----------------------------------------------------------
insert into servicio (servicio_id, tipo_servicio) values (1, 3);
insert into servicio (servicio_id, tipo_servicio) values (2, 1);
insert into servicio (servicio_id, tipo_servicio) values (3, 2);
insert into servicio (servicio_id, tipo_servicio) values (4, 3);
insert into servicio (servicio_id, tipo_servicio) values (5, 2);
insert into servicio (servicio_id, tipo_servicio) values (6, 2);
insert into servicio (servicio_id, tipo_servicio) values (7, 2);
insert into servicio (servicio_id, tipo_servicio) values (8, 3);
insert into servicio (servicio_id, tipo_servicio) values (9, 1);
insert into servicio (servicio_id, tipo_servicio) values (10, 3);
insert into servicio (servicio_id, tipo_servicio) values (11, 2);
insert into servicio (servicio_id, tipo_servicio) values (12, 1);
insert into servicio (servicio_id, tipo_servicio) values (13, 1);
insert into servicio (servicio_id, tipo_servicio) values (14, 1);
insert into servicio (servicio_id, tipo_servicio) values (15, 3);
insert into servicio (servicio_id, tipo_servicio) values (16, 1);
insert into servicio (servicio_id, tipo_servicio) values (17, 1);
insert into servicio (servicio_id, tipo_servicio) values (18, 2);
insert into servicio (servicio_id, tipo_servicio) values (19, 3);
insert into servicio (servicio_id, tipo_servicio) values (20, 3);
insert into servicio (servicio_id, tipo_servicio) values (21, 2);
insert into servicio (servicio_id, tipo_servicio) values (22, 1);
insert into servicio (servicio_id, tipo_servicio) values (23, 3);
insert into servicio (servicio_id, tipo_servicio) values (24, 2);
insert into servicio (servicio_id, tipo_servicio) values (25, 2);
insert into servicio (servicio_id, tipo_servicio) values (26, 3);
insert into servicio (servicio_id, tipo_servicio) values (27, 1);
insert into servicio (servicio_id, tipo_servicio) values (28, 3);
insert into servicio (servicio_id, tipo_servicio) values (29, 3);
insert into servicio (servicio_id, tipo_servicio) values (30, 3);
insert into servicio (servicio_id, tipo_servicio) values (31, 3);
insert into servicio (servicio_id, tipo_servicio) values (32, 1);
insert into servicio (servicio_id, tipo_servicio) values (33, 2);
insert into servicio (servicio_id, tipo_servicio) values (34, 1);
insert into servicio (servicio_id, tipo_servicio) values (35, 3);
insert into servicio (servicio_id, tipo_servicio) values (36, 2);
insert into servicio (servicio_id, tipo_servicio) values (37, 2);
insert into servicio (servicio_id, tipo_servicio) values (38, 1);
insert into servicio (servicio_id, tipo_servicio) values (39, 3);
insert into servicio (servicio_id, tipo_servicio) values (40, 1);
insert into servicio (servicio_id, tipo_servicio) values (41, 1);
insert into servicio (servicio_id, tipo_servicio) values (42, 3);
insert into servicio (servicio_id, tipo_servicio) values (43, 1);
insert into servicio (servicio_id, tipo_servicio) values (44, 1);
insert into servicio (servicio_id, tipo_servicio) values (45, 3);
insert into servicio (servicio_id, tipo_servicio) values (46, 3);
insert into servicio (servicio_id, tipo_servicio) values (47, 3);
insert into servicio (servicio_id, tipo_servicio) values (48, 1);
insert into servicio (servicio_id, tipo_servicio) values (49, 1);
insert into servicio (servicio_id, tipo_servicio) values (50, 3);
insert into servicio (servicio_id, tipo_servicio) values (51, 2);
insert into servicio (servicio_id, tipo_servicio) values (52, 2);
insert into servicio (servicio_id, tipo_servicio) values (53, 3);
insert into servicio (servicio_id, tipo_servicio) values (54, 3);
insert into servicio (servicio_id, tipo_servicio) values (55, 1);
insert into servicio (servicio_id, tipo_servicio) values (56, 3);
insert into servicio (servicio_id, tipo_servicio) values (57, 2);
insert into servicio (servicio_id, tipo_servicio) values (58, 3);
insert into servicio (servicio_id, tipo_servicio) values (59, 2);
insert into servicio (servicio_id, tipo_servicio) values (60, 2);
insert into servicio (servicio_id, tipo_servicio) values (61, 2);
insert into servicio (servicio_id, tipo_servicio) values (62, 1);
insert into servicio (servicio_id, tipo_servicio) values (63, 2);
insert into servicio (servicio_id, tipo_servicio) values (64, 3);
insert into servicio (servicio_id, tipo_servicio) values (65, 1);
insert into servicio (servicio_id, tipo_servicio) values (66, 1);
insert into servicio (servicio_id, tipo_servicio) values (67, 3);
insert into servicio (servicio_id, tipo_servicio) values (68, 1);
insert into servicio (servicio_id, tipo_servicio) values (69, 3);
insert into servicio (servicio_id, tipo_servicio) values (70, 2);
insert into servicio (servicio_id, tipo_servicio) values (71, 1);
insert into servicio (servicio_id, tipo_servicio) values (72, 3);
insert into servicio (servicio_id, tipo_servicio) values (73, 2);
insert into servicio (servicio_id, tipo_servicio) values (74, 3);
insert into servicio (servicio_id, tipo_servicio) values (75, 3);
insert into servicio (servicio_id, tipo_servicio) values (76, 1);
insert into servicio (servicio_id, tipo_servicio) values (77, 2);
insert into servicio (servicio_id, tipo_servicio) values (78, 1);
insert into servicio (servicio_id, tipo_servicio) values (79, 3);
insert into servicio (servicio_id, tipo_servicio) values (80, 2);
insert into servicio (servicio_id, tipo_servicio) values (81, 3);
insert into servicio (servicio_id, tipo_servicio) values (82, 2);
insert into servicio (servicio_id, tipo_servicio) values (83, 2);
insert into servicio (servicio_id, tipo_servicio) values (84, 3);
insert into servicio (servicio_id, tipo_servicio) values (85, 2);
insert into servicio (servicio_id, tipo_servicio) values (86, 3);
insert into servicio (servicio_id, tipo_servicio) values (87, 1);
insert into servicio (servicio_id, tipo_servicio) values (88, 3);
insert into servicio (servicio_id, tipo_servicio) values (89, 3);
insert into servicio (servicio_id, tipo_servicio) values (90, 1);
insert into servicio (servicio_id, tipo_servicio) values (91, 3);
insert into servicio (servicio_id, tipo_servicio) values (92, 2);
insert into servicio (servicio_id, tipo_servicio) values (93, 2);
insert into servicio (servicio_id, tipo_servicio) values (94, 2);
insert into servicio (servicio_id, tipo_servicio) values (95, 1);
insert into servicio (servicio_id, tipo_servicio) values (96, 1);
insert into servicio (servicio_id, tipo_servicio) values (97, 2);
insert into servicio (servicio_id, tipo_servicio) values (98, 2);
insert into servicio (servicio_id, tipo_servicio) values (99, 3);
insert into servicio (servicio_id, tipo_servicio) values (100, 3);
insert into servicio (servicio_id, tipo_servicio) values (101, 2);
insert into servicio (servicio_id, tipo_servicio) values (102, 1);
insert into servicio (servicio_id, tipo_servicio) values (103, 1);
insert into servicio (servicio_id, tipo_servicio) values (104, 1);
insert into servicio (servicio_id, tipo_servicio) values (105, 2);
insert into servicio (servicio_id, tipo_servicio) values (106, 2);
insert into servicio (servicio_id, tipo_servicio) values (107, 1);
insert into servicio (servicio_id, tipo_servicio) values (108, 2);
insert into servicio (servicio_id, tipo_servicio) values (109, 3);
insert into servicio (servicio_id, tipo_servicio) values (110, 1);
insert into servicio (servicio_id, tipo_servicio) values (111, 1);
insert into servicio (servicio_id, tipo_servicio) values (112, 3);
insert into servicio (servicio_id, tipo_servicio) values (113, 3);
insert into servicio (servicio_id, tipo_servicio) values (114, 1);
insert into servicio (servicio_id, tipo_servicio) values (115, 1);
insert into servicio (servicio_id, tipo_servicio) values (116, 3);
insert into servicio (servicio_id, tipo_servicio) values (117, 2);
insert into servicio (servicio_id, tipo_servicio) values (118, 3);
insert into servicio (servicio_id, tipo_servicio) values (119, 1);
insert into servicio (servicio_id, tipo_servicio) values (120, 2);
insert into servicio (servicio_id, tipo_servicio) values (121, 3);
insert into servicio (servicio_id, tipo_servicio) values (122, 3);
insert into servicio (servicio_id, tipo_servicio) values (123, 2);
insert into servicio (servicio_id, tipo_servicio) values (124, 1);
insert into servicio (servicio_id, tipo_servicio) values (125, 1);
insert into servicio (servicio_id, tipo_servicio) values (126, 2);
insert into servicio (servicio_id, tipo_servicio) values (127, 3);
insert into servicio (servicio_id, tipo_servicio) values (128, 1);
insert into servicio (servicio_id, tipo_servicio) values (129, 2);
insert into servicio (servicio_id, tipo_servicio) values (130, 2);
insert into servicio (servicio_id, tipo_servicio) values (131, 3);
insert into servicio (servicio_id, tipo_servicio) values (132, 3);
insert into servicio (servicio_id, tipo_servicio) values (133, 3);
insert into servicio (servicio_id, tipo_servicio) values (134, 1);
insert into servicio (servicio_id, tipo_servicio) values (135, 1);
insert into servicio (servicio_id, tipo_servicio) values (136, 3);
insert into servicio (servicio_id, tipo_servicio) values (137, 3);
insert into servicio (servicio_id, tipo_servicio) values (138, 1);
insert into servicio (servicio_id, tipo_servicio) values (139, 3);
insert into servicio (servicio_id, tipo_servicio) values (140, 3);
insert into servicio (servicio_id, tipo_servicio) values (141, 2);
insert into servicio (servicio_id, tipo_servicio) values (142, 3);
insert into servicio (servicio_id, tipo_servicio) values (143, 3);
insert into servicio (servicio_id, tipo_servicio) values (144, 1);
insert into servicio (servicio_id, tipo_servicio) values (145, 1);
insert into servicio (servicio_id, tipo_servicio) values (146, 3);
insert into servicio (servicio_id, tipo_servicio) values (147, 3);
insert into servicio (servicio_id, tipo_servicio) values (148, 1);
insert into servicio (servicio_id, tipo_servicio) values (149, 1);
insert into servicio (servicio_id, tipo_servicio) values (150, 2);
insert into servicio (servicio_id, tipo_servicio) values (151, 1);
insert into servicio (servicio_id, tipo_servicio) values (152, 2);
insert into servicio (servicio_id, tipo_servicio) values (153, 3);
insert into servicio (servicio_id, tipo_servicio) values (154, 2);
insert into servicio (servicio_id, tipo_servicio) values (155, 2);
insert into servicio (servicio_id, tipo_servicio) values (156, 3);
insert into servicio (servicio_id, tipo_servicio) values (157, 3);
insert into servicio (servicio_id, tipo_servicio) values (158, 2);
insert into servicio (servicio_id, tipo_servicio) values (159, 2);
insert into servicio (servicio_id, tipo_servicio) values (160, 2);
insert into servicio (servicio_id, tipo_servicio) values (161, 1);
insert into servicio (servicio_id, tipo_servicio) values (162, 1);
insert into servicio (servicio_id, tipo_servicio) values (163, 1);
insert into servicio (servicio_id, tipo_servicio) values (164, 3);
insert into servicio (servicio_id, tipo_servicio) values (165, 3);
insert into servicio (servicio_id, tipo_servicio) values (166, 2);
insert into servicio (servicio_id, tipo_servicio) values (167, 3);
insert into servicio (servicio_id, tipo_servicio) values (168, 1);
insert into servicio (servicio_id, tipo_servicio) values (169, 1);
insert into servicio (servicio_id, tipo_servicio) values (170, 3);
insert into servicio (servicio_id, tipo_servicio) values (171, 1);
insert into servicio (servicio_id, tipo_servicio) values (172, 1);
insert into servicio (servicio_id, tipo_servicio) values (173, 1);
insert into servicio (servicio_id, tipo_servicio) values (174, 1);
insert into servicio (servicio_id, tipo_servicio) values (175, 1);
insert into servicio (servicio_id, tipo_servicio) values (176, 1);
insert into servicio (servicio_id, tipo_servicio) values (177, 3);
insert into servicio (servicio_id, tipo_servicio) values (178, 3);
insert into servicio (servicio_id, tipo_servicio) values (179, 3);
insert into servicio (servicio_id, tipo_servicio) values (180, 1);
insert into servicio (servicio_id, tipo_servicio) values (181, 2);
insert into servicio (servicio_id, tipo_servicio) values (182, 2);
insert into servicio (servicio_id, tipo_servicio) values (183, 2);
insert into servicio (servicio_id, tipo_servicio) values (184, 3);
insert into servicio (servicio_id, tipo_servicio) values (185, 3);
insert into servicio (servicio_id, tipo_servicio) values (186, 3);
insert into servicio (servicio_id, tipo_servicio) values (187, 1);
insert into servicio (servicio_id, tipo_servicio) values (188, 2);
insert into servicio (servicio_id, tipo_servicio) values (189, 2);
insert into servicio (servicio_id, tipo_servicio) values (190, 3);
insert into servicio (servicio_id, tipo_servicio) values (191, 3);
insert into servicio (servicio_id, tipo_servicio) values (192, 3);
insert into servicio (servicio_id, tipo_servicio) values (193, 3);
insert into servicio (servicio_id, tipo_servicio) values (194, 2);
insert into servicio (servicio_id, tipo_servicio) values (195, 1);
insert into servicio (servicio_id, tipo_servicio) values (196, 2);
insert into servicio (servicio_id, tipo_servicio) values (197, 2);
insert into servicio (servicio_id, tipo_servicio) values (198, 2);
insert into servicio (servicio_id, tipo_servicio) values (199, 3);
insert into servicio (servicio_id, tipo_servicio) values (200, 1);
insert into servicio (servicio_id, tipo_servicio) values (201, 1);
insert into servicio (servicio_id, tipo_servicio) values (202, 1);
insert into servicio (servicio_id, tipo_servicio) values (203, 1);
insert into servicio (servicio_id, tipo_servicio) values (204, 3);
insert into servicio (servicio_id, tipo_servicio) values (205, 3);
insert into servicio (servicio_id, tipo_servicio) values (206, 1);
insert into servicio (servicio_id, tipo_servicio) values (207, 1);
insert into servicio (servicio_id, tipo_servicio) values (208, 3);
insert into servicio (servicio_id, tipo_servicio) values (209, 1);
insert into servicio (servicio_id, tipo_servicio) values (210, 3);
insert into servicio (servicio_id, tipo_servicio) values (211, 1);
insert into servicio (servicio_id, tipo_servicio) values (212, 2);
insert into servicio (servicio_id, tipo_servicio) values (213, 3);
insert into servicio (servicio_id, tipo_servicio) values (214, 1);
insert into servicio (servicio_id, tipo_servicio) values (215, 1);
insert into servicio (servicio_id, tipo_servicio) values (216, 1);
insert into servicio (servicio_id, tipo_servicio) values (217, 2);
insert into servicio (servicio_id, tipo_servicio) values (218, 2);
insert into servicio (servicio_id, tipo_servicio) values (219, 3);
insert into servicio (servicio_id, tipo_servicio) values (220, 3);
insert into servicio (servicio_id, tipo_servicio) values (221, 3);
insert into servicio (servicio_id, tipo_servicio) values (222, 3);
insert into servicio (servicio_id, tipo_servicio) values (223, 3);
insert into servicio (servicio_id, tipo_servicio) values (224, 3);
insert into servicio (servicio_id, tipo_servicio) values (225, 1);
insert into servicio (servicio_id, tipo_servicio) values (226, 3);
insert into servicio (servicio_id, tipo_servicio) values (227, 2);
insert into servicio (servicio_id, tipo_servicio) values (228, 2);
insert into servicio (servicio_id, tipo_servicio) values (229, 3);
insert into servicio (servicio_id, tipo_servicio) values (230, 3);
insert into servicio (servicio_id, tipo_servicio) values (231, 3);
insert into servicio (servicio_id, tipo_servicio) values (232, 3);
insert into servicio (servicio_id, tipo_servicio) values (233, 1);
insert into servicio (servicio_id, tipo_servicio) values (234, 1);
insert into servicio (servicio_id, tipo_servicio) values (235, 2);
insert into servicio (servicio_id, tipo_servicio) values (236, 1);
insert into servicio (servicio_id, tipo_servicio) values (237, 1);
insert into servicio (servicio_id, tipo_servicio) values (238, 3);
insert into servicio (servicio_id, tipo_servicio) values (239, 1);
insert into servicio (servicio_id, tipo_servicio) values (240, 1);
insert into servicio (servicio_id, tipo_servicio) values (241, 2);
insert into servicio (servicio_id, tipo_servicio) values (242, 3);
insert into servicio (servicio_id, tipo_servicio) values (243, 2);
insert into servicio (servicio_id, tipo_servicio) values (244, 1);
insert into servicio (servicio_id, tipo_servicio) values (245, 1);
insert into servicio (servicio_id, tipo_servicio) values (246, 2);
insert into servicio (servicio_id, tipo_servicio) values (247, 1);
insert into servicio (servicio_id, tipo_servicio) values (248, 3);
insert into servicio (servicio_id, tipo_servicio) values (249, 2);
insert into servicio (servicio_id, tipo_servicio) values (250, 3);
insert into servicio (servicio_id, tipo_servicio) values (251, 3);
insert into servicio (servicio_id, tipo_servicio) values (252, 3);
insert into servicio (servicio_id, tipo_servicio) values (253, 2);
insert into servicio (servicio_id, tipo_servicio) values (254, 2);
insert into servicio (servicio_id, tipo_servicio) values (255, 2);
insert into servicio (servicio_id, tipo_servicio) values (256, 2);
insert into servicio (servicio_id, tipo_servicio) values (257, 1);
insert into servicio (servicio_id, tipo_servicio) values (258, 1);
insert into servicio (servicio_id, tipo_servicio) values (259, 2);
insert into servicio (servicio_id, tipo_servicio) values (260, 1);
insert into servicio (servicio_id, tipo_servicio) values (261, 2);
insert into servicio (servicio_id, tipo_servicio) values (262, 2);
insert into servicio (servicio_id, tipo_servicio) values (263, 1);
insert into servicio (servicio_id, tipo_servicio) values (264, 1);
insert into servicio (servicio_id, tipo_servicio) values (265, 2);
insert into servicio (servicio_id, tipo_servicio) values (266, 1);
insert into servicio (servicio_id, tipo_servicio) values (267, 2);
insert into servicio (servicio_id, tipo_servicio) values (268, 2);
insert into servicio (servicio_id, tipo_servicio) values (269, 1);
insert into servicio (servicio_id, tipo_servicio) values (270, 2);
insert into servicio (servicio_id, tipo_servicio) values (271, 2);
insert into servicio (servicio_id, tipo_servicio) values (272, 3);
insert into servicio (servicio_id, tipo_servicio) values (273, 3);
insert into servicio (servicio_id, tipo_servicio) values (274, 3);
insert into servicio (servicio_id, tipo_servicio) values (275, 3);
insert into servicio (servicio_id, tipo_servicio) values (276, 2);
insert into servicio (servicio_id, tipo_servicio) values (277, 1);
insert into servicio (servicio_id, tipo_servicio) values (278, 3);
insert into servicio (servicio_id, tipo_servicio) values (279, 1);
insert into servicio (servicio_id, tipo_servicio) values (280, 1);
insert into servicio (servicio_id, tipo_servicio) values (281, 3);
insert into servicio (servicio_id, tipo_servicio) values (282, 2);
insert into servicio (servicio_id, tipo_servicio) values (283, 3);
insert into servicio (servicio_id, tipo_servicio) values (284, 3);
insert into servicio (servicio_id, tipo_servicio) values (285, 1);
insert into servicio (servicio_id, tipo_servicio) values (286, 2);
insert into servicio (servicio_id, tipo_servicio) values (287, 2);
insert into servicio (servicio_id, tipo_servicio) values (288, 3);
insert into servicio (servicio_id, tipo_servicio) values (289, 1);
insert into servicio (servicio_id, tipo_servicio) values (290, 3);
insert into servicio (servicio_id, tipo_servicio) values (291, 3);
insert into servicio (servicio_id, tipo_servicio) values (292, 3);
insert into servicio (servicio_id, tipo_servicio) values (293, 3);
insert into servicio (servicio_id, tipo_servicio) values (294, 1);
insert into servicio (servicio_id, tipo_servicio) values (295, 3);
insert into servicio (servicio_id, tipo_servicio) values (296, 2);
insert into servicio (servicio_id, tipo_servicio) values (297, 1);
insert into servicio (servicio_id, tipo_servicio) values (298, 1);
insert into servicio (servicio_id, tipo_servicio) values (299, 1);
insert into servicio (servicio_id, tipo_servicio) values (300, 2);
-----------------------------------------
------------TABLA MASCOTA SERVICIO
-----------------------------------------
insert into mascota_servicio (mascota_servicio_id, servicio_id , mascota_id) values (1, 2, 1);
insert into mascota_servicio (mascota_servicio_id, servicio_id , mascota_id) values (2, 4, 2);
insert into mascota_servicio (mascota_servicio_id, servicio_id , mascota_id) values (3, 6, 3);
insert into mascota_servicio (mascota_servicio_id, servicio_id , mascota_id) values (4, 8, 4);
insert into mascota_servicio (mascota_servicio_id, servicio_id , mascota_id) values (5, 10, 5);
insert into mascota_servicio (mascota_servicio_id, servicio_id , mascota_id) values (6, 12, 6);
insert into mascota_servicio (mascota_servicio_id, servicio_id , mascota_id) values (7, 14, 7);
insert into mascota_servicio (mascota_servicio_id, servicio_id , mascota_id) values (8, 16, 8);
insert into mascota_servicio (mascota_servicio_id, servicio_id , mascota_id) values (9, 18, 9);
insert into mascota_servicio (mascota_servicio_id, servicio_id , mascota_id) values (10, 20, 10);
insert into mascota_servicio (mascota_servicio_id, servicio_id , mascota_id) values (11, 22, 11);
insert into mascota_servicio (mascota_servicio_id, servicio_id , mascota_id) values (12, 24, 12);
insert into mascota_servicio (mascota_servicio_id, servicio_id , mascota_id) values (13, 26, 13);
insert into mascota_servicio (mascota_servicio_id, servicio_id , mascota_id) values (14, 28, 14);
insert into mascota_servicio (mascota_servicio_id, servicio_id , mascota_id) values (15, 30, 15);
insert into mascota_servicio (mascota_servicio_id, servicio_id , mascota_id) values (16, 32, 16);
insert into mascota_servicio (mascota_servicio_id, servicio_id , mascota_id) values (17, 34, 17);
insert into mascota_servicio (mascota_servicio_id, servicio_id , mascota_id) values (18, 36, 18);
insert into mascota_servicio (mascota_servicio_id, servicio_id , mascota_id) values (19, 38, 19);
insert into mascota_servicio (mascota_servicio_id, servicio_id , mascota_id) values (20, 40, 20);
insert into mascota_servicio (mascota_servicio_id, servicio_id , mascota_id) values (21, 42, 21);
insert into mascota_servicio (mascota_servicio_id, servicio_id , mascota_id) values (22, 44, 22);
insert into mascota_servicio (mascota_servicio_id, servicio_id , mascota_id) values (23, 46, 23);
insert into mascota_servicio (mascota_servicio_id, servicio_id , mascota_id) values (24, 48, 24);
insert into mascota_servicio (mascota_servicio_id, servicio_id , mascota_id) values (25, 50, 25);
insert into mascota_servicio (mascota_servicio_id, servicio_id , mascota_id) values (26, 52, 26);
insert into mascota_servicio (mascota_servicio_id, servicio_id , mascota_id) values (27, 54, 27);
insert into mascota_servicio (mascota_servicio_id, servicio_id , mascota_id) values (28, 56, 28);
insert into mascota_servicio (mascota_servicio_id, servicio_id , mascota_id) values (29, 58, 29);
insert into mascota_servicio (mascota_servicio_id, servicio_id , mascota_id) values (30, 60, 30);
insert into mascota_servicio (mascota_servicio_id, servicio_id , mascota_id) values (31, 62, 31);
insert into mascota_servicio (mascota_servicio_id, servicio_id , mascota_id) values (32, 64, 32);
insert into mascota_servicio (mascota_servicio_id, servicio_id , mascota_id) values (33, 66, 33);
insert into mascota_servicio (mascota_servicio_id, servicio_id , mascota_id) values (34, 68, 34);
insert into mascota_servicio (mascota_servicio_id, servicio_id , mascota_id) values (35, 70, 35);
insert into mascota_servicio (mascota_servicio_id, servicio_id , mascota_id) values (36, 72, 36);
insert into mascota_servicio (mascota_servicio_id, servicio_id , mascota_id) values (37, 74, 37);
insert into mascota_servicio (mascota_servicio_id, servicio_id , mascota_id) values (38, 76, 38);
insert into mascota_servicio (mascota_servicio_id, servicio_id , mascota_id) values (39, 78, 39);
insert into mascota_servicio (mascota_servicio_id, servicio_id , mascota_id) values (40, 80, 40);
insert into mascota_servicio (mascota_servicio_id, servicio_id , mascota_id) values (41, 82, 41);
insert into mascota_servicio (mascota_servicio_id, servicio_id , mascota_id) values (42, 84, 42);
insert into mascota_servicio (mascota_servicio_id, servicio_id , mascota_id) values (43, 86, 43);
insert into mascota_servicio (mascota_servicio_id, servicio_id , mascota_id) values (44, 88, 44);
insert into mascota_servicio (mascota_servicio_id, servicio_id , mascota_id) values (45, 90, 45);
insert into mascota_servicio (mascota_servicio_id, servicio_id , mascota_id) values (46, 92, 46);
insert into mascota_servicio (mascota_servicio_id, servicio_id , mascota_id) values (47, 94, 47);
insert into mascota_servicio (mascota_servicio_id, servicio_id , mascota_id) values (48, 96, 48);
insert into mascota_servicio (mascota_servicio_id, servicio_id , mascota_id) values (49, 98, 49);
insert into mascota_servicio (mascota_servicio_id, servicio_id , mascota_id) values (50, 100, 50);
insert into mascota_servicio (mascota_servicio_id, servicio_id , mascota_id) values (51, 102, 51);
insert into mascota_servicio (mascota_servicio_id, servicio_id , mascota_id) values (52, 104, 52);
insert into mascota_servicio (mascota_servicio_id, servicio_id , mascota_id) values (53, 106, 53);
insert into mascota_servicio (mascota_servicio_id, servicio_id , mascota_id) values (54, 108, 54);
insert into mascota_servicio (mascota_servicio_id, servicio_id , mascota_id) values (55, 110, 55);
insert into mascota_servicio (mascota_servicio_id, servicio_id , mascota_id) values (56, 112, 56);
insert into mascota_servicio (mascota_servicio_id, servicio_id , mascota_id) values (57, 114, 57);
insert into mascota_servicio (mascota_servicio_id, servicio_id , mascota_id) values (58, 116, 58);
insert into mascota_servicio (mascota_servicio_id, servicio_id , mascota_id) values (59, 118, 59);
insert into mascota_servicio (mascota_servicio_id, servicio_id , mascota_id) values (60, 120, 60);
insert into mascota_servicio (mascota_servicio_id, servicio_id , mascota_id) values (61, 122, 61);
insert into mascota_servicio (mascota_servicio_id, servicio_id , mascota_id) values (62, 124, 62);
insert into mascota_servicio (mascota_servicio_id, servicio_id , mascota_id) values (63, 126, 63);
insert into mascota_servicio (mascota_servicio_id, servicio_id , mascota_id) values (64, 128, 64);
insert into mascota_servicio (mascota_servicio_id, servicio_id , mascota_id) values (65, 130, 65);
insert into mascota_servicio (mascota_servicio_id, servicio_id , mascota_id) values (66, 132, 66);
insert into mascota_servicio (mascota_servicio_id, servicio_id , mascota_id) values (67, 134, 67);
insert into mascota_servicio (mascota_servicio_id, servicio_id , mascota_id) values (68, 136, 68);
insert into mascota_servicio (mascota_servicio_id, servicio_id , mascota_id) values (69, 138, 69);
insert into mascota_servicio (mascota_servicio_id, servicio_id , mascota_id) values (70, 140, 70);
insert into mascota_servicio (mascota_servicio_id, servicio_id , mascota_id) values (71, 142, 71);
insert into mascota_servicio (mascota_servicio_id, servicio_id , mascota_id) values (72, 144, 72);
insert into mascota_servicio (mascota_servicio_id, servicio_id , mascota_id) values (73, 146, 73);
insert into mascota_servicio (mascota_servicio_id, servicio_id , mascota_id) values (74, 148, 74);
insert into mascota_servicio (mascota_servicio_id, servicio_id , mascota_id) values (75, 150, 75);
insert into mascota_servicio (mascota_servicio_id, servicio_id , mascota_id) values (76, 152, 76);
insert into mascota_servicio (mascota_servicio_id, servicio_id , mascota_id) values (77, 154, 77);
insert into mascota_servicio (mascota_servicio_id, servicio_id , mascota_id) values (78, 156, 78);
insert into mascota_servicio (mascota_servicio_id, servicio_id , mascota_id) values (79, 158, 79);
insert into mascota_servicio (mascota_servicio_id, servicio_id , mascota_id) values (80, 160, 80);
insert into mascota_servicio (mascota_servicio_id, servicio_id , mascota_id) values (81, 162, 81);
insert into mascota_servicio (mascota_servicio_id, servicio_id , mascota_id) values (82, 164, 82);
insert into mascota_servicio (mascota_servicio_id, servicio_id , mascota_id) values (83, 166, 83);
insert into mascota_servicio (mascota_servicio_id, servicio_id , mascota_id) values (84, 168, 84);
insert into mascota_servicio (mascota_servicio_id, servicio_id , mascota_id) values (85, 170, 85);
insert into mascota_servicio (mascota_servicio_id, servicio_id , mascota_id) values (86, 172, 86);
insert into mascota_servicio (mascota_servicio_id, servicio_id , mascota_id) values (87, 174, 87);
insert into mascota_servicio (mascota_servicio_id, servicio_id , mascota_id) values (88, 176, 88);
insert into mascota_servicio (mascota_servicio_id, servicio_id , mascota_id) values (89, 178, 89);
insert into mascota_servicio (mascota_servicio_id, servicio_id , mascota_id) values (90, 180, 90);
insert into mascota_servicio (mascota_servicio_id, servicio_id , mascota_id) values (91, 182, 91);
insert into mascota_servicio (mascota_servicio_id, servicio_id , mascota_id) values (92, 184, 92);
insert into mascota_servicio (mascota_servicio_id, servicio_id , mascota_id) values (93, 186, 93);
insert into mascota_servicio (mascota_servicio_id, servicio_id , mascota_id) values (94, 188, 94);
insert into mascota_servicio (mascota_servicio_id, servicio_id , mascota_id) values (95, 190, 95);
insert into mascota_servicio (mascota_servicio_id, servicio_id , mascota_id) values (96, 192, 96);
insert into mascota_servicio (mascota_servicio_id, servicio_id , mascota_id) values (97, 194, 97);
insert into mascota_servicio (mascota_servicio_id, servicio_id , mascota_id) values (98, 196, 98);
insert into mascota_servicio (mascota_servicio_id, servicio_id , mascota_id) values (99, 198, 99);
insert into mascota_servicio (mascota_servicio_id, servicio_id , mascota_id) values (100, 200, 100);
insert into mascota_servicio (mascota_servicio_id, servicio_id , mascota_id) values (101, 202, 101);
insert into mascota_servicio (mascota_servicio_id, servicio_id , mascota_id) values (102, 204, 102);
insert into mascota_servicio (mascota_servicio_id, servicio_id , mascota_id) values (103, 206, 103);
insert into mascota_servicio (mascota_servicio_id, servicio_id , mascota_id) values (104, 208, 104);
insert into mascota_servicio (mascota_servicio_id, servicio_id , mascota_id) values (105, 210, 105);
insert into mascota_servicio (mascota_servicio_id, servicio_id , mascota_id) values (106, 212, 106);
insert into mascota_servicio (mascota_servicio_id, servicio_id , mascota_id) values (107, 214, 107);
insert into mascota_servicio (mascota_servicio_id, servicio_id , mascota_id) values (108, 216, 108);
insert into mascota_servicio (mascota_servicio_id, servicio_id , mascota_id) values (109, 218, 109);
insert into mascota_servicio (mascota_servicio_id, servicio_id , mascota_id) values (110, 220, 110);
insert into mascota_servicio (mascota_servicio_id, servicio_id , mascota_id) values (111, 222, 111);
insert into mascota_servicio (mascota_servicio_id, servicio_id , mascota_id) values (112, 224, 112);
insert into mascota_servicio (mascota_servicio_id, servicio_id , mascota_id) values (113, 226, 113);
insert into mascota_servicio (mascota_servicio_id, servicio_id , mascota_id) values (114, 228, 114);
insert into mascota_servicio (mascota_servicio_id, servicio_id , mascota_id) values (115, 230, 115);
insert into mascota_servicio (mascota_servicio_id, servicio_id , mascota_id) values (116, 232, 116);
insert into mascota_servicio (mascota_servicio_id, servicio_id , mascota_id) values (117, 234, 117);
insert into mascota_servicio (mascota_servicio_id, servicio_id , mascota_id) values (118, 236, 118);
insert into mascota_servicio (mascota_servicio_id, servicio_id , mascota_id) values (119, 238, 119);
insert into mascota_servicio (mascota_servicio_id, servicio_id , mascota_id) values (120, 240, 120);
insert into mascota_servicio (mascota_servicio_id, servicio_id , mascota_id) values (121, 242, 121);
insert into mascota_servicio (mascota_servicio_id, servicio_id , mascota_id) values (122, 244, 122);
insert into mascota_servicio (mascota_servicio_id, servicio_id , mascota_id) values (123, 246, 123);
insert into mascota_servicio (mascota_servicio_id, servicio_id , mascota_id) values (124, 248, 124);
insert into mascota_servicio (mascota_servicio_id, servicio_id , mascota_id) values (125, 250, 125);
insert into mascota_servicio (mascota_servicio_id, servicio_id , mascota_id) values (126, 252, 126);
insert into mascota_servicio (mascota_servicio_id, servicio_id , mascota_id) values (127, 254, 127);
insert into mascota_servicio (mascota_servicio_id, servicio_id , mascota_id) values (128, 256, 128);
insert into mascota_servicio (mascota_servicio_id, servicio_id , mascota_id) values (129, 258, 129);
insert into mascota_servicio (mascota_servicio_id, servicio_id , mascota_id) values (130, 260, 130);
insert into mascota_servicio (mascota_servicio_id, servicio_id , mascota_id) values (131, 262, 131);
insert into mascota_servicio (mascota_servicio_id, servicio_id , mascota_id) values (132, 264, 132);
insert into mascota_servicio (mascota_servicio_id, servicio_id , mascota_id) values (133, 266, 133);
insert into mascota_servicio (mascota_servicio_id, servicio_id , mascota_id) values (134, 268, 134);
insert into mascota_servicio (mascota_servicio_id, servicio_id , mascota_id) values (135, 270, 135);
insert into mascota_servicio (mascota_servicio_id, servicio_id , mascota_id) values (136, 272, 136);
insert into mascota_servicio (mascota_servicio_id, servicio_id , mascota_id) values (137, 274, 137);
insert into mascota_servicio (mascota_servicio_id, servicio_id , mascota_id) values (138, 276, 138);
insert into mascota_servicio (mascota_servicio_id, servicio_id , mascota_id) values (139, 278, 139);
insert into mascota_servicio (mascota_servicio_id, servicio_id , mascota_id) values (140, 280, 140);
insert into mascota_servicio (mascota_servicio_id, servicio_id , mascota_id) values (141, 282, 141);
insert into mascota_servicio (mascota_servicio_id, servicio_id , mascota_id) values (142, 284, 142);
insert into mascota_servicio (mascota_servicio_id, servicio_id , mascota_id) values (143, 286, 143);
insert into mascota_servicio (mascota_servicio_id, servicio_id , mascota_id) values (144, 288, 144);
insert into mascota_servicio (mascota_servicio_id, servicio_id , mascota_id) values (145, 290, 145);
insert into mascota_servicio (mascota_servicio_id, servicio_id , mascota_id) values (146, 292, 146);
insert into mascota_servicio (mascota_servicio_id, servicio_id , mascota_id) values (147, 294, 147);
insert into mascota_servicio (mascota_servicio_id, servicio_id , mascota_id) values (148, 296, 148);
insert into mascota_servicio (mascota_servicio_id, servicio_id , mascota_id) values (149, 298, 149);
insert into mascota_servicio (mascota_servicio_id, servicio_id , mascota_id) values (150, 300, 150);
-----------------------------------------
-----------TABLAS EMPLEADO
-----------------------------------------
insert into empleado (empleado_id, tipo_empleado, calle, colonia, tel, ap_paterno_emp, ap_materno_emp, nombre) values (1, 'Veterinario', '07 Autumn Leaf Lane', '417 West Trail', '7418267919', 'McClelland', 'Lewin', 'Franny');
insert into empleado (empleado_id, tipo_empleado, calle, colonia, tel, ap_paterno_emp, ap_materno_emp, nombre) values (2, 'Veterinario', '70816 Loftsgordon Avenue', '60 Waubesa Crossing', '2051045783', 'Ashenhurst', 'O''Growgane', 'Somerset');
insert into empleado (empleado_id, tipo_empleado, calle, colonia, tel, ap_paterno_emp, ap_materno_emp, nombre) values (3, 'Veterinario', '7031 Merchant Drive', '11548 Alpine Drive', '7836729709', 'Minear', 'Fuzzens', 'Maximo');
insert into empleado (empleado_id, tipo_empleado, calle, colonia, tel, ap_paterno_emp, ap_materno_emp, nombre) values (4, 'Veterinario', '1 Westerfield Way', '030 Acker Crossing', '7529431557', 'Tunney', 'Semorad', 'Whitby');
insert into empleado (empleado_id, tipo_empleado, calle, colonia, tel, ap_paterno_emp, ap_materno_emp, nombre) values (5, 'Veterinario', '270 Mallory Point', '70444 Arizona Parkway', '9718040950', 'Arnau', 'Kentwell', 'Coleman');
insert into empleado (empleado_id, tipo_empleado, calle, colonia, tel, ap_paterno_emp, ap_materno_emp, nombre) values (6, 'Veterinario', '9 Cottonwood Drive', '73634 New Castle Lane', '5094567796', 'Laxson', 'McLorinan', 'Jessy');
insert into empleado (empleado_id, tipo_empleado, calle, colonia, tel, ap_paterno_emp, ap_materno_emp, nombre) values (7, 'Veterinario', '57 Lakeland Street', '95 Nelson Junction', '5734809732', 'Lechmere', 'Lifton', 'Vinny');
insert into empleado (empleado_id, tipo_empleado, calle, colonia, tel, ap_paterno_emp, ap_materno_emp, nombre) values (8, 'Veterinario', '075 Cordelia Place', '102 Mockingbird Way', '4708351921', 'Gregorace', 'Abdee', 'Lyle');
insert into empleado (empleado_id, tipo_empleado, calle, colonia, tel, ap_paterno_emp, ap_materno_emp, nombre) values (9, 'Veterinario', '02 Fairfield Crossing', '101 Roxbury Court', '6189717942', 'Halpen', 'Madsen', 'Hannis');
insert into empleado (empleado_id, tipo_empleado, calle, colonia, tel, ap_paterno_emp, ap_materno_emp, nombre) values (10, 'Veterinario', '75 Moose Terrace', '0 Delladonna Road', '8317997089', 'Kneel', 'Sawday', 'Irena');
insert into empleado (empleado_id, tipo_empleado, calle, colonia, tel, ap_paterno_emp, ap_materno_emp, nombre) values (11, 'Veterinario', '86382 Cardinal Court', '283 Tony Point', '9915627258', 'Wasmuth', 'Kubacek', 'Bond');
insert into empleado (empleado_id, tipo_empleado, calle, colonia, tel, ap_paterno_emp, ap_materno_emp, nombre) values (12, 'Veterinario', '83 Butternut Lane', '549 Monica Park', '6433269357', 'Matskiv', 'Greene', 'Jonis');
insert into empleado (empleado_id, tipo_empleado, calle, colonia, tel, ap_paterno_emp, ap_materno_emp, nombre) values (13, 'Veterinario', '4 Logan Pass', '78 Judy Street', '1412557305', 'Sabberton', 'Scotchmer', 'Cynthy');
insert into empleado (empleado_id, tipo_empleado, calle, colonia, tel, ap_paterno_emp, ap_materno_emp, nombre) values (14, 'Veterinario', '80 Monterey Point', '8303 Grim Park', '1215689266', 'Gubbins', 'Kemetz', 'Bert');
insert into empleado (empleado_id, tipo_empleado, calle, colonia, tel, ap_paterno_emp, ap_materno_emp, nombre) values (15, 'Veterinario', '1 Duke Plaza', '5672 Gerald Pass', '8377134221', 'Stag', 'Tofpik', 'Derril');
insert into empleado (empleado_id, tipo_empleado, calle, colonia, tel, ap_paterno_emp, ap_materno_emp, nombre) values (16, 'Veterinario', '7 East Alley', '939 Mariners Cove Plaza', '8757551779', 'Matiasek', 'Plaunch', 'Liana');
insert into empleado (empleado_id, tipo_empleado, calle, colonia, tel, ap_paterno_emp, ap_materno_emp, nombre) values (17, 'Veterinario', '1611 Hallows Plaza', '75366 Mifflin Plaza', '9172326992', 'Ganter', 'Goman', 'Jackelyn');
insert into empleado (empleado_id, tipo_empleado, calle, colonia, tel, ap_paterno_emp, ap_materno_emp, nombre) values (18, 'Veterinario', '9462 Sundown Junction', '322 Claremont Terrace', '8589861543', 'Kofax', 'Clere', 'Agnese');
insert into empleado (empleado_id, tipo_empleado, calle, colonia, tel, ap_paterno_emp, ap_materno_emp, nombre) values (19, 'Veterinario', '15 Northview Circle', '2 Holy Cross Crossing', '7501818463', 'Graybeal', 'Godby', 'Stormi');
insert into empleado (empleado_id, tipo_empleado, calle, colonia, tel, ap_paterno_emp, ap_materno_emp, nombre) values (20, 'Veterinario', '6284 Lakewood Gardens Junction', '51119 Green Ridge Court', '8669860011', 'Skellorne', 'Feldman', 'Wandis');
insert into empleado (empleado_id, tipo_empleado, calle, colonia, tel, ap_paterno_emp, ap_materno_emp, nombre) values (21, 'Veterinario', '7026 Hanover Center', '7 Canary Court', '8478765870', 'Dieton', 'Laughtisse', 'Ninon');
insert into empleado (empleado_id, tipo_empleado, calle, colonia, tel, ap_paterno_emp, ap_materno_emp, nombre) values (22, 'Veterinario', '5 Canary Street', '2 Weeping Birch Trail', '2853033495', 'Warmisham', 'Nelthropp', 'Tony');
insert into empleado (empleado_id, tipo_empleado, calle, colonia, tel, ap_paterno_emp, ap_materno_emp, nombre) values (23, 'Veterinario', '596 Fieldstone Terrace', '74 Jenifer Lane', '4416661354', 'Swoffer', 'Salvage', 'Ewan');
insert into empleado (empleado_id, tipo_empleado, calle, colonia, tel, ap_paterno_emp, ap_materno_emp, nombre) values (24, 'Veterinario', '2 Bayside Circle', '666 Vermont Junction', '2857088581', 'Hucknall', 'Tippler', 'Fraze');
insert into empleado (empleado_id, tipo_empleado, calle, colonia, tel, ap_paterno_emp, ap_materno_emp, nombre) values (25, 'Veterinario', '15901 1st Court', '738 Packers Circle', '8399474645', 'Gabites', 'De Witt', 'Ferdinanda');
insert into empleado (empleado_id, tipo_empleado, calle, colonia, tel, ap_paterno_emp, ap_materno_emp, nombre) values (26, 'Veterinario', '10 Portage Trail', '396 7th Park', '3896932497', 'Aspinell', 'Poon', 'Shaina');
insert into empleado (empleado_id, tipo_empleado, calle, colonia, tel, ap_paterno_emp, ap_materno_emp, nombre) values (27, 'Veterinario', '95 Dovetail Lane', '12 Tennessee Way', '1822319900', 'Corragan', 'Meffan', 'Burnard');
insert into empleado (empleado_id, tipo_empleado, calle, colonia, tel, ap_paterno_emp, ap_materno_emp, nombre) values (28, 'Veterinario', '8 Reindahl Place', '4 Grasskamp Drive', '7182239131', 'Hulkes', 'Hair', 'Dulcia');
insert into empleado (empleado_id, tipo_empleado, calle, colonia, tel, ap_paterno_emp, ap_materno_emp, nombre) values (29, 'Veterinario', '30868 Loeprich Pass', '4 Hintze Trail', '3474802399', 'Lamberth', 'McVaugh', 'Aura');
insert into empleado (empleado_id, tipo_empleado, calle, colonia, tel, ap_paterno_emp, ap_materno_emp, nombre) values (30, 'Veterinario', '8995 Pawling Street', '69 Meadow Valley Circle', '8323978878', 'Elbourn', 'Ruseworth', 'Cissiee');
insert into empleado (empleado_id, tipo_empleado, calle, colonia, tel, ap_paterno_emp, ap_materno_emp, nombre) values (31, 'Veterinario', '5651 Darwin Trail', '197 Victoria Lane', '5278046647', 'Pardon', 'Andri', 'Rene');
insert into empleado (empleado_id, tipo_empleado, calle, colonia, tel, ap_paterno_emp, ap_materno_emp, nombre) values (32, 'Veterinario', '299 Clyde Gallagher Trail', '41 Twin Pines Place', '9238740010', 'Ferguson', 'Copcott', 'Letizia');
insert into empleado (empleado_id, tipo_empleado, calle, colonia, tel, ap_paterno_emp, ap_materno_emp, nombre) values (33, 'Veterinario', '45 Trailsway Lane', '37 Golden Leaf Hill', '5084678170', 'Wakenshaw', 'Ackland', 'Val');
insert into empleado (empleado_id, tipo_empleado, calle, colonia, tel, ap_paterno_emp, ap_materno_emp, nombre) values (34, 'Veterinario', '7788 Hallows Hill', '1 Dottie Avenue', '2766795465', 'Chaffer', 'Greenman', 'Gabriellia');
insert into empleado (empleado_id, tipo_empleado, calle, colonia, tel, ap_paterno_emp, ap_materno_emp, nombre) values (35, 'Veterinario', '39342 Gulseth Alley', '936 David Road', '2561076256', 'Standbrooke', 'Gerriessen', 'Sergent');
insert into empleado (empleado_id, tipo_empleado, calle, colonia, tel, ap_paterno_emp, ap_materno_emp, nombre) values (36, 'Veterinario', '1665 Dapin Road', '06533 Gina Crossing', '9023371775', 'Danell', 'Gooms', 'Lurette');
insert into empleado (empleado_id, tipo_empleado, calle, colonia, tel, ap_paterno_emp, ap_materno_emp, nombre) values (37, 'Veterinario', '07 Del Sol Circle', '8170 Caliangt Place', '4963737486', 'Byard', 'Verna', 'Abram');
insert into empleado (empleado_id, tipo_empleado, calle, colonia, tel, ap_paterno_emp, ap_materno_emp, nombre) values (38, 'Veterinario', '686 Dayton Hill', '8283 Homewood Trail', '9796574461', 'Persey', 'Nyles', 'Helyn');
insert into empleado (empleado_id, tipo_empleado, calle, colonia, tel, ap_paterno_emp, ap_materno_emp, nombre) values (39, 'Veterinario', '1706 Manley Street', '3775 Haas Court', '8223830881', 'Barritt', 'Kain', 'Kalli');
insert into empleado (empleado_id, tipo_empleado, calle, colonia, tel, ap_paterno_emp, ap_materno_emp, nombre) values (40, 'Veterinario', '642 Forest Run Junction', '357 Mcbride Hill', '4621892645', 'Lambertson', 'Gatecliff', 'Wren');
insert into empleado (empleado_id, tipo_empleado, calle, colonia, tel, ap_paterno_emp, ap_materno_emp, nombre) values (41, 'Veterinario', '97286 Schlimgen Hill', '56445 Namekagon Hill', '3672359374', 'Fishbie', 'Cottu', 'Therese');
insert into empleado (empleado_id, tipo_empleado, calle, colonia, tel, ap_paterno_emp, ap_materno_emp, nombre) values (42, 'Veterinario', '15 Grim Alley', '18159 Emmet Alley', '7705432122', 'McTurlough', 'Pope', 'Malvin');
insert into empleado (empleado_id, tipo_empleado, calle, colonia, tel, ap_paterno_emp, ap_materno_emp, nombre) values (43, 'Veterinario', '800 Bellgrove Hill', '70 Mallard Way', '3271438956', 'Misken', 'Nelhams', 'Derwin');
insert into empleado (empleado_id, tipo_empleado, calle, colonia, tel, ap_paterno_emp, ap_materno_emp, nombre) values (44, 'Veterinario', '721 Dapin Parkway', '136 Cardinal Park', '6252260811', 'Ellard', 'Pawley', 'Clerc');
insert into empleado (empleado_id, tipo_empleado, calle, colonia, tel, ap_paterno_emp, ap_materno_emp, nombre) values (45, 'Veterinario', '50 Northwestern Alley', '15794 Hoffman Crossing', '5892188258', 'Seage', 'Dani', 'Jolie');
insert into empleado (empleado_id, tipo_empleado, calle, colonia, tel, ap_paterno_emp, ap_materno_emp, nombre) values (46, 'Veterinario', '911 Glacier Hill Crossing', '3242 Eagan Trail', '6557463575', 'Skipperbottom', 'Dowling', 'Brig');
insert into empleado (empleado_id, tipo_empleado, calle, colonia, tel, ap_paterno_emp, ap_materno_emp, nombre) values (47, 'Veterinario', '76 Longview Lane', '0 Scofield Alley', '6633763347', 'Krugmann', 'Joint', 'Fabio');
insert into empleado (empleado_id, tipo_empleado, calle, colonia, tel, ap_paterno_emp, ap_materno_emp, nombre) values (48, 'Veterinario', '6 Waubesa Alley', '6470 Mallard Hill', '5256890049', 'Farleigh', 'Hundy', 'Merrily');
insert into empleado (empleado_id, tipo_empleado, calle, colonia, tel, ap_paterno_emp, ap_materno_emp, nombre) values (49, 'Veterinario', '1535 Arrowood Trail', '8 Superior Center', '2085051884', 'Kordes', 'Christophe', 'Franky');
insert into empleado (empleado_id, tipo_empleado, calle, colonia, tel, ap_paterno_emp, ap_materno_emp, nombre) values (50, 'Veterinario', '48235 Oak Valley Point', '6 Commercial Street', '6725259221', 'Sibbons', 'Secker', 'Dniren');
insert into empleado (empleado_id, tipo_empleado, calle, colonia, tel, ap_paterno_emp, ap_materno_emp, nombre) values (51, 'Veterinario', '8248 5th Circle', '0513 Golden Leaf Drive', '6094025684', 'Kidds', 'Brettoner', 'Pippa');
insert into empleado (empleado_id, tipo_empleado, calle, colonia, tel, ap_paterno_emp, ap_materno_emp, nombre) values (52, 'Veterinario', '0 Hanson Parkway', '87 Donald Street', '7886437097', 'Manterfield', 'Rupert', 'Nadiya');
insert into empleado (empleado_id, tipo_empleado, calle, colonia, tel, ap_paterno_emp, ap_materno_emp, nombre) values (53, 'Veterinario', '0551 Rutledge Parkway', '6607 Rutledge Place', '2671654553', 'Dougherty', 'Ferrarotti', 'Pattie');
insert into empleado (empleado_id, tipo_empleado, calle, colonia, tel, ap_paterno_emp, ap_materno_emp, nombre) values (54, 'Veterinario', '62243 Holmberg Trail', '52016 Wayridge Junction', '8357093492', 'Arbuckle', 'Shirtcliffe', 'Kanya');
insert into empleado (empleado_id, tipo_empleado, calle, colonia, tel, ap_paterno_emp, ap_materno_emp, nombre) values (55, 'Veterinario', '881 Burrows Terrace', '956 Stephen Pass', '5484326855', 'Ing', 'Casella', 'Byron');
insert into empleado (empleado_id, tipo_empleado, calle, colonia, tel, ap_paterno_emp, ap_materno_emp, nombre) values (56, 'Veterinario', '94844 Cardinal Alley', '591 Hoard Road', '3956086987', 'Wildsmith', 'Amy', 'Raphael');
insert into empleado (empleado_id, tipo_empleado, calle, colonia, tel, ap_paterno_emp, ap_materno_emp, nombre) values (57, 'Veterinario', '142 Moose Avenue', '534 Mariners Cove Lane', '2955652316', 'Shelmerdine', 'Duxfield', 'Rowan');
insert into empleado (empleado_id, tipo_empleado, calle, colonia, tel, ap_paterno_emp, ap_materno_emp, nombre) values (58, 'Veterinario', '3693 Lien Junction', '704 Pierstorff Junction', '5014447321', 'Koles', 'Pedrollo', 'Elonore');
insert into empleado (empleado_id, tipo_empleado, calle, colonia, tel, ap_paterno_emp, ap_materno_emp, nombre) values (59, 'Veterinario', '6 Almo Pass', '15027 Kinsman Center', '5663109969', 'Moir', 'Jeffcoate', 'Kissee');
insert into empleado (empleado_id, tipo_empleado, calle, colonia, tel, ap_paterno_emp, ap_materno_emp, nombre) values (60, 'Veterinario', '94601 Helena Circle', '9393 Redwing Drive', '2984245965', 'Kroll', 'Hogben', 'Fidela');
insert into empleado (empleado_id, tipo_empleado, calle, colonia, tel, ap_paterno_emp, ap_materno_emp, nombre) values (61, 'Veterinario', '12 Fairfield Junction', '21147 Norway Maple Terrace', '7274746065', 'de Bullion', 'Beaven', 'Josefa');
insert into empleado (empleado_id, tipo_empleado, calle, colonia, tel, ap_paterno_emp, ap_materno_emp, nombre) values (62, 'Veterinario', '61468 Luster Center', '46775 Fieldstone Trail', '3171705430', 'Auten', 'Marfe', 'Urbain');
insert into empleado (empleado_id, tipo_empleado, calle, colonia, tel, ap_paterno_emp, ap_materno_emp, nombre) values (63, 'Veterinario', '7 Forest Court', '39302 Blaine Avenue', '4072666289', 'Portingale', 'Shambroke', 'Blaire');
insert into empleado (empleado_id, tipo_empleado, calle, colonia, tel, ap_paterno_emp, ap_materno_emp, nombre) values (64, 'Veterinario', '82 3rd Hill', '87 Acker Drive', '2256343162', 'Rushton', 'Bonavia', 'Malissa');
insert into empleado (empleado_id, tipo_empleado, calle, colonia, tel, ap_paterno_emp, ap_materno_emp, nombre) values (65, 'Veterinario', '5 Barnett Court', '9 8th Junction', '2908516460', 'Fold', 'Bellie', 'Piper');
insert into empleado (empleado_id, tipo_empleado, calle, colonia, tel, ap_paterno_emp, ap_materno_emp, nombre) values (66, 'Veterinario', '642 Maple Lane', '65191 Sundown Circle', '6669221271', 'Molson', 'Brittle', 'Juana');
insert into empleado (empleado_id, tipo_empleado, calle, colonia, tel, ap_paterno_emp, ap_materno_emp, nombre) values (67, 'Veterinario', '0 Pawling Alley', '2313 Sullivan Plaza', '1179372839', 'Cutmare', 'Longworthy', 'Dylan');
insert into empleado (empleado_id, tipo_empleado, calle, colonia, tel, ap_paterno_emp, ap_materno_emp, nombre) values (68, 'Veterinario', '7356 Kropf Park', '3411 Lindbergh Street', '7974493445', 'Perrot', 'Wilfing', 'Jay');
insert into empleado (empleado_id, tipo_empleado, calle, colonia, tel, ap_paterno_emp, ap_materno_emp, nombre) values (69, 'Veterinario', '73247 Dorton Court', '691 Blackbird Place', '4564208079', 'Ventam', 'Penni', 'Stormy');
insert into empleado (empleado_id, tipo_empleado, calle, colonia, tel, ap_paterno_emp, ap_materno_emp, nombre) values (70, 'Veterinario', '515 Dunning Point', '83245 Comanche Terrace', '7996450557', 'Strettell', 'Draude', 'Lorita');
insert into empleado (empleado_id, tipo_empleado, calle, colonia, tel, ap_paterno_emp, ap_materno_emp, nombre) values (71, 'Veterinario', '89 Tennessee Lane', '549 Fairview Drive', '1606132739', 'Orfeur', 'Beeke', 'Scotti');
insert into empleado (empleado_id, tipo_empleado, calle, colonia, tel, ap_paterno_emp, ap_materno_emp, nombre) values (72, 'Veterinario', '4 Village Hill', '2610 Marquette Circle', '4971138515', 'Allabush', 'Vanstone', 'Bordie');
insert into empleado (empleado_id, tipo_empleado, calle, colonia, tel, ap_paterno_emp, ap_materno_emp, nombre) values (73, 'Veterinario', '9 Longview Terrace', '8896 Commercial Park', '3364148823', 'Beecham', 'Torrisi', 'Tina');
insert into empleado (empleado_id, tipo_empleado, calle, colonia, tel, ap_paterno_emp, ap_materno_emp, nombre) values (74, 'Veterinario', '018 Upham Park', '28794 Rutledge Place', '5168033377', 'Meatyard', 'Delgaty', 'Toddie');
insert into empleado (empleado_id, tipo_empleado, calle, colonia, tel, ap_paterno_emp, ap_materno_emp, nombre) values (75, 'Veterinario', '60649 Summerview Court', '38463 Arapahoe Drive', '7286287847', 'Heisman', 'Lorek', 'Codie');
insert into empleado (empleado_id, tipo_empleado, calle, colonia, tel, ap_paterno_emp, ap_materno_emp, nombre) values (76, 'Cuidador', '87841 Spaight Parkway', '42214 Heath Avenue', '7888981439', 'Deeson', 'Pablo', 'Val');
insert into empleado (empleado_id, tipo_empleado, calle, colonia, tel, ap_paterno_emp, ap_materno_emp, nombre) values (77, 'Cuidador', '875 Del Mar Parkway', '1 David Way', '5443117080', 'Wayman', 'Drew', 'Konstantin');
insert into empleado (empleado_id, tipo_empleado, calle, colonia, tel, ap_paterno_emp, ap_materno_emp, nombre) values (78, 'Cuidador', '513 Lakewood Avenue', '350 Ilene Plaza', '4195258269', 'Yirrell', 'Bradfield', 'Selle');
insert into empleado (empleado_id, tipo_empleado, calle, colonia, tel, ap_paterno_emp, ap_materno_emp, nombre) values (79, 'Cuidador', '967 Lighthouse Bay Drive', '3 Londonderry Junction', '5629742797', 'Braund', 'Dimock', 'Carole');
insert into empleado (empleado_id, tipo_empleado, calle, colonia, tel, ap_paterno_emp, ap_materno_emp, nombre) values (80, 'Cuidador', '0582 Myrtle Place', '71 Menomonie Road', '7515876607', 'Brookfield', 'O''Driscoll', 'Gar');
insert into empleado (empleado_id, tipo_empleado, calle, colonia, tel, ap_paterno_emp, ap_materno_emp, nombre) values (81, 'Cuidador', '55871 Golf Course Avenue', '1 Stang Parkway', '5315998106', 'Swane', 'Sorel', 'Maddalena');
insert into empleado (empleado_id, tipo_empleado, calle, colonia, tel, ap_paterno_emp, ap_materno_emp, nombre) values (82, 'Cuidador', '10 Porter Court', '6218 Calypso Parkway', '8676202582', 'Powdrell', 'Hurdiss', 'Loydie');
insert into empleado (empleado_id, tipo_empleado, calle, colonia, tel, ap_paterno_emp, ap_materno_emp, nombre) values (83, 'Cuidador', '66139 Evergreen Alley', '92 Bellgrove Park', '1316001863', 'Antushev', 'Checkley', 'Dody');
insert into empleado (empleado_id, tipo_empleado, calle, colonia, tel, ap_paterno_emp, ap_materno_emp, nombre) values (84, 'Cuidador', '8818 Butterfield Crossing', '0425 Arkansas Hill', '7895332240', 'Hufton', 'Seares', 'Morey');
insert into empleado (empleado_id, tipo_empleado, calle, colonia, tel, ap_paterno_emp, ap_materno_emp, nombre) values (85, 'Cuidador', '6910 Thompson Lane', '23 2nd Lane', '9074899471', 'McNellis', 'Slowan', 'Micky');
insert into empleado (empleado_id, tipo_empleado, calle, colonia, tel, ap_paterno_emp, ap_materno_emp, nombre) values (86, 'Cuidador', '17917 Gulseth Plaza', '27 Dexter Plaza', '3591682026', 'Troy', 'Gartland', 'Gerardo');
insert into empleado (empleado_id, tipo_empleado, calle, colonia, tel, ap_paterno_emp, ap_materno_emp, nombre) values (87, 'Cuidador', '3 Carioca Terrace', '1444 Fulton Drive', '1847768863', 'Francey', 'Worsley', 'Felice');
insert into empleado (empleado_id, tipo_empleado, calle, colonia, tel, ap_paterno_emp, ap_materno_emp, nombre) values (88, 'Cuidador', '4773 Lighthouse Bay Circle', '1537 West Alley', '7676077564', 'Dallyn', 'Lorimer', 'Joceline');
insert into empleado (empleado_id, tipo_empleado, calle, colonia, tel, ap_paterno_emp, ap_materno_emp, nombre) values (89, 'Cuidador', '520 Nova Circle', '511 Veith Hill', '7301116546', 'Luckcuck', 'O''Kennavain', 'Yardley');
insert into empleado (empleado_id, tipo_empleado, calle, colonia, tel, ap_paterno_emp, ap_materno_emp, nombre) values (90, 'Cuidador', '0 Sundown Avenue', '64 Thompson Lane', '3456028081', 'Strangman', 'Feacham', 'Redd');
insert into empleado (empleado_id, tipo_empleado, calle, colonia, tel, ap_paterno_emp, ap_materno_emp, nombre) values (91, 'Cuidador', '4158 Schurz Road', '14140 Tony Way', '4294180385', 'Thewlis', 'Giffkins', 'Brenden');
insert into empleado (empleado_id, tipo_empleado, calle, colonia, tel, ap_paterno_emp, ap_materno_emp, nombre) values (92, 'Cuidador', '590 Pepper Wood Trail', '27 Truax Drive', '9215473213', 'McIvor', 'Snel', 'Grannie');
insert into empleado (empleado_id, tipo_empleado, calle, colonia, tel, ap_paterno_emp, ap_materno_emp, nombre) values (93, 'Cuidador', '368 Texas Junction', '512 Florence Circle', '1783288961', 'Kennefick', 'Wooderson', 'Tristan');
insert into empleado (empleado_id, tipo_empleado, calle, colonia, tel, ap_paterno_emp, ap_materno_emp, nombre) values (94, 'Cuidador', '7 Sachtjen Drive', '971 Waxwing Drive', '3621709202', 'Coghlan', 'Urrey', 'Waylan');
insert into empleado (empleado_id, tipo_empleado, calle, colonia, tel, ap_paterno_emp, ap_materno_emp, nombre) values (95, 'Cuidador', '6124 Oneill Parkway', '29 Sachtjen Pass', '1482198706', 'Baurerich', 'Smallcombe', 'Garv');
insert into empleado (empleado_id, tipo_empleado, calle, colonia, tel, ap_paterno_emp, ap_materno_emp, nombre) values (96, 'Cuidador', '17706 Jana Drive', '763 Sheridan Point', '4035164829', 'Bosley', 'Gaishson', 'Charis');
insert into empleado (empleado_id, tipo_empleado, calle, colonia, tel, ap_paterno_emp, ap_materno_emp, nombre) values (97, 'Cuidador', '0 Warner Avenue', '336 Oakridge Road', '1784705961', 'Joyson', 'Sakins', 'Germain');
insert into empleado (empleado_id, tipo_empleado, calle, colonia, tel, ap_paterno_emp, ap_materno_emp, nombre) values (98, 'Cuidador', '81068 Bonner Place', '8 3rd Lane', '7848518180', 'Bromley', 'Pavese', 'Elspeth');
insert into empleado (empleado_id, tipo_empleado, calle, colonia, tel, ap_paterno_emp, ap_materno_emp, nombre) values (99, 'Cuidador', '0 Harbort Park', '3594 Grayhawk Road', '7467425298', 'Parman', 'Evenett', 'Hinze');
insert into empleado (empleado_id, tipo_empleado, calle, colonia, tel, ap_paterno_emp, ap_materno_emp, nombre) values (100, 'Cuidador', '6721 Sheridan Way', '3 Lyons Street', '2364478117', 'Wythill', 'MacMenamy', 'Britney');
insert into empleado (empleado_id, tipo_empleado, calle, colonia, tel, ap_paterno_emp, ap_materno_emp, nombre) values (101, 'Cuidador', '7762 Sundown Center', '57 Jenna Crossing', '7789962535', 'De Courtney', 'Cainey', 'Mufi');
insert into empleado (empleado_id, tipo_empleado, calle, colonia, tel, ap_paterno_emp, ap_materno_emp, nombre) values (102, 'Cuidador', '72 Portage Circle', '976 Brentwood Center', '6574813235', 'Tomasek', 'Deedes', 'Lorain');
insert into empleado (empleado_id, tipo_empleado, calle, colonia, tel, ap_paterno_emp, ap_materno_emp, nombre) values (103, 'Cuidador', '02257 Judy Alley', '37 Dennis Alley', '2101894191', 'Clinnick', 'Morrison', 'Hendrika');
insert into empleado (empleado_id, tipo_empleado, calle, colonia, tel, ap_paterno_emp, ap_materno_emp, nombre) values (104, 'Cuidador', '305 Sullivan Point', '557 Moose Pass', '4256420222', 'Kaufman', 'Anespie', 'Perl');
insert into empleado (empleado_id, tipo_empleado, calle, colonia, tel, ap_paterno_emp, ap_materno_emp, nombre) values (105, 'Cuidador', '39 Anderson Point', '8 Carioca Junction', '3531656825', 'Kydd', 'Schaffel', 'Harris');
insert into empleado (empleado_id, tipo_empleado, calle, colonia, tel, ap_paterno_emp, ap_materno_emp, nombre) values (106, 'Cuidador', '266 Dahle Trail', '1146 Oakridge Court', '3876164693', 'Halvorsen', 'Varian', 'Stanfield');
insert into empleado (empleado_id, tipo_empleado, calle, colonia, tel, ap_paterno_emp, ap_materno_emp, nombre) values (107, 'Cuidador', '69787 Orin Circle', '38617 Sunfield Drive', '3391346698', 'McClosh', 'Wildblood', 'Maddi');
insert into empleado (empleado_id, tipo_empleado, calle, colonia, tel, ap_paterno_emp, ap_materno_emp, nombre) values (108, 'Cuidador', '7 Eggendart Center', '13786 Caliangt Lane', '2115560061', 'Gersam', 'Evreux', 'Gerek');
insert into empleado (empleado_id, tipo_empleado, calle, colonia, tel, ap_paterno_emp, ap_materno_emp, nombre) values (109, 'Cuidador', '10997 Hollow Ridge Center', '72 Mcguire Plaza', '3975317024', 'Culkin', 'O''Doogan', 'Maria');
insert into empleado (empleado_id, tipo_empleado, calle, colonia, tel, ap_paterno_emp, ap_materno_emp, nombre) values (110, 'Cuidador', '019 Mosinee Point', '7447 Mendota Park', '4307867368', 'Shattock', 'Fisbey', 'Kristo');
insert into empleado (empleado_id, tipo_empleado, calle, colonia, tel, ap_paterno_emp, ap_materno_emp, nombre) values (111, 'Cuidador', '085 Thierer Center', '54 Hanson Pass', '5418889705', 'Waterland', 'Hollingdale', 'Aymer');
insert into empleado (empleado_id, tipo_empleado, calle, colonia, tel, ap_paterno_emp, ap_materno_emp, nombre) values (112, 'Cuidador', '152 International Way', '26 Cody Trail', '9711781627', 'Heale', 'Easman', 'Nevil');
insert into empleado (empleado_id, tipo_empleado, calle, colonia, tel, ap_paterno_emp, ap_materno_emp, nombre) values (113, 'Cuidador', '00 Raven Crossing', '127 Superior Terrace', '4292992457', 'Southwell', 'Greaves', 'Federica');
insert into empleado (empleado_id, tipo_empleado, calle, colonia, tel, ap_paterno_emp, ap_materno_emp, nombre) values (114, 'Cuidador', '56280 Meadow Valley Place', '4 8th Point', '8788796933', 'Shetliff', 'Mather', 'Leena');
insert into empleado (empleado_id, tipo_empleado, calle, colonia, tel, ap_paterno_emp, ap_materno_emp, nombre) values (115, 'Cuidador', '2169 Glacier Hill Crossing', '3993 Badeau Park', '7524457721', 'Gogie', 'Clabburn', 'Webster');
insert into empleado (empleado_id, tipo_empleado, calle, colonia, tel, ap_paterno_emp, ap_materno_emp, nombre) values (116, 'Cuidador', '23 Kedzie Junction', '5034 Brown Trail', '9455182668', 'Gilfillan', 'Riddeough', 'Mickie');
insert into empleado (empleado_id, tipo_empleado, calle, colonia, tel, ap_paterno_emp, ap_materno_emp, nombre) values (117, 'Cuidador', '466 Arizona Junction', '1 Nobel Alley', '9867284645', 'Clementson', 'Rickerd', 'Morgana');
insert into empleado (empleado_id, tipo_empleado, calle, colonia, tel, ap_paterno_emp, ap_materno_emp, nombre) values (118, 'Cuidador', '1215 Luster Pass', '27520 Browning Terrace', '7874772257', 'Alvarez', 'Lyste', 'Ivar');
insert into empleado (empleado_id, tipo_empleado, calle, colonia, tel, ap_paterno_emp, ap_materno_emp, nombre) values (119, 'Cuidador', '98 Oxford Drive', '1 Mariners Cove Street', '7702202465', 'Winyard', 'Lissett', 'Xylia');
insert into empleado (empleado_id, tipo_empleado, calle, colonia, tel, ap_paterno_emp, ap_materno_emp, nombre) values (120, 'Cuidador', '1090 Hallows Trail', '4 Graceland Street', '9058356345', 'Sicely', 'Matteotti', 'Gonzales');
insert into empleado (empleado_id, tipo_empleado, calle, colonia, tel, ap_paterno_emp, ap_materno_emp, nombre) values (121, 'Cuidador', '2 8th Hill', '725 Gale Drive', '6792609556', 'Tease', 'Kilgrew', 'Bev');
insert into empleado (empleado_id, tipo_empleado, calle, colonia, tel, ap_paterno_emp, ap_materno_emp, nombre) values (122, 'Cuidador', '552 Russell Drive', '82 Di Loreto Circle', '2609426875', 'Parmeter', 'Bundock', 'Isacco');
insert into empleado (empleado_id, tipo_empleado, calle, colonia, tel, ap_paterno_emp, ap_materno_emp, nombre) values (123, 'Cuidador', '9453 Rigney Street', '81 Glendale Pass', '7372835181', 'Capron', 'Tyrer', 'Pembroke');
insert into empleado (empleado_id, tipo_empleado, calle, colonia, tel, ap_paterno_emp, ap_materno_emp, nombre) values (124, 'Cuidador', '367 Hudson Way', '07 Melvin Center', '6867423564', 'Arbon', 'Bedenham', 'Dugald');
insert into empleado (empleado_id, tipo_empleado, calle, colonia, tel, ap_paterno_emp, ap_materno_emp, nombre) values (125, 'Cuidador', '575 Hudson Place', '1 Nelson Way', '5989290950', 'Dybald', 'De Ruel', 'Holly');
insert into empleado (empleado_id, tipo_empleado, calle, colonia, tel, ap_paterno_emp, ap_materno_emp, nombre) values (126, 'Cuidador', '21 Dakota Avenue', '76 Hazelcrest Drive', '2248739618', 'Kochlin', 'Meltetal', 'Ermentrude');
insert into empleado (empleado_id, tipo_empleado, calle, colonia, tel, ap_paterno_emp, ap_materno_emp, nombre) values (127, 'Cuidador', '43 Northport Terrace', '11703 Moose Parkway', '1712667648', 'Hughson', 'Gather', 'Kendre');
insert into empleado (empleado_id, tipo_empleado, calle, colonia, tel, ap_paterno_emp, ap_materno_emp, nombre) values (128, 'Cuidador', '66318 Prentice Hill', '3 Nevada Street', '6346324895', 'Bezzant', 'Stewartson', 'Anton');
insert into empleado (empleado_id, tipo_empleado, calle, colonia, tel, ap_paterno_emp, ap_materno_emp, nombre) values (129, 'Cuidador', '50 Northport Road', '8 Bowman Parkway', '7967503385', 'Glazier', 'Adamowitz', 'Claudia');
insert into empleado (empleado_id, tipo_empleado, calle, colonia, tel, ap_paterno_emp, ap_materno_emp, nombre) values (130, 'Cuidador', '0434 Ohio Hill', '780 Iowa Alley', '4745098244', 'Kleinhandler', 'Rounsivall', 'Frannie');
insert into empleado (empleado_id, tipo_empleado, calle, colonia, tel, ap_paterno_emp, ap_materno_emp, nombre) values (131, 'Cuidador', '34 Messerschmidt Terrace', '80155 Golf View Place', '7625263239', 'Riches', 'Inns', 'Lancelot');
insert into empleado (empleado_id, tipo_empleado, calle, colonia, tel, ap_paterno_emp, ap_materno_emp, nombre) values (132, 'Cuidador', '79145 Boyd Crossing', '2106 Northland Alley', '4138792173', 'Castangia', 'Kubach', 'Ashbey');
insert into empleado (empleado_id, tipo_empleado, calle, colonia, tel, ap_paterno_emp, ap_materno_emp, nombre) values (133, 'Cuidador', '9135 Toban Drive', '8 Del Sol Pass', '1985243738', 'Aldous', 'Danne', 'Audre');
insert into empleado (empleado_id, tipo_empleado, calle, colonia, tel, ap_paterno_emp, ap_materno_emp, nombre) values (134, 'Cuidador', '6 Hermina Hill', '62 Dwight Place', '1491879806', 'Bluschke', 'Noddles', 'Cobby');
insert into empleado (empleado_id, tipo_empleado, calle, colonia, tel, ap_paterno_emp, ap_materno_emp, nombre) values (135, 'Cuidador', '15010 Park Meadow Park', '5 Oriole Lane', '2628833890', 'Mechan', 'Philimore', 'Teresina');
insert into empleado (empleado_id, tipo_empleado, calle, colonia, tel, ap_paterno_emp, ap_materno_emp, nombre) values (136, 'Cuidador', '77550 Paget Alley', '6 Bunker Hill Street', '6787226934', 'Schubuser', 'Batsford', 'Vernor');
insert into empleado (empleado_id, tipo_empleado, calle, colonia, tel, ap_paterno_emp, ap_materno_emp, nombre) values (137, 'Cuidador', '1 Sycamore Hill', '2 Leroy Pass', '1428251439', 'Bridell', 'Gwinn', 'Dorolice');
insert into empleado (empleado_id, tipo_empleado, calle, colonia, tel, ap_paterno_emp, ap_materno_emp, nombre) values (138, 'Cuidador', '967 Petterle Point', '3 Pond Drive', '5266792929', 'Edlestone', 'Shaefer', 'Hermie');
insert into empleado (empleado_id, tipo_empleado, calle, colonia, tel, ap_paterno_emp, ap_materno_emp, nombre) values (139, 'Cuidador', '121 Dunning Street', '38 Bultman Parkway', '5357535181', 'Kleinschmidt', 'Cadell', 'Velma');
insert into empleado (empleado_id, tipo_empleado, calle, colonia, tel, ap_paterno_emp, ap_materno_emp, nombre) values (140, 'Cuidador', '2 Alpine Road', '727 Packers Street', '9005136681', 'Philippart', 'Quixley', 'Felipe');
insert into empleado (empleado_id, tipo_empleado, calle, colonia, tel, ap_paterno_emp, ap_materno_emp, nombre) values (141, 'Cuidador', '1007 Troy Avenue', '3 Eagan Pass', '1269490610', 'MacNeil', 'Kelso', 'Rakel');
insert into empleado (empleado_id, tipo_empleado, calle, colonia, tel, ap_paterno_emp, ap_materno_emp, nombre) values (142, 'Cuidador', '38549 Forster Center', '4130 Homewood Junction', '8459881754', 'Feige', 'Messier', 'Yorgos');
insert into empleado (empleado_id, tipo_empleado, calle, colonia, tel, ap_paterno_emp, ap_materno_emp, nombre) values (143, 'Cuidador', '0103 Milwaukee Junction', '916 Arrowood Junction', '1177142145', 'Kopec', 'Coard', 'Madalena');
insert into empleado (empleado_id, tipo_empleado, calle, colonia, tel, ap_paterno_emp, ap_materno_emp, nombre) values (144, 'Cuidador', '8638 Esker Point', '38897 Hoard Terrace', '4774903819', 'Voas', 'Leaning', 'Timmy');
insert into empleado (empleado_id, tipo_empleado, calle, colonia, tel, ap_paterno_emp, ap_materno_emp, nombre) values (145, 'Cuidador', '44 Homewood Drive', '539 Hovde Plaza', '1346751765', 'Caroli', 'Impleton', 'Ritchie');
insert into empleado (empleado_id, tipo_empleado, calle, colonia, tel, ap_paterno_emp, ap_materno_emp, nombre) values (146, 'Cuidador', '41 Ronald Regan Trail', '37935 Ludington Parkway', '2822547990', 'Glascott', 'Smiz', 'Neall');
insert into empleado (empleado_id, tipo_empleado, calle, colonia, tel, ap_paterno_emp, ap_materno_emp, nombre) values (147, 'Cuidador', '076 Rigney Parkway', '340 Del Mar Drive', '8984147083', 'Pasfield', 'Girdlestone', 'Agathe');
insert into empleado (empleado_id, tipo_empleado, calle, colonia, tel, ap_paterno_emp, ap_materno_emp, nombre) values (148, 'Cuidador', '5427 Bashford Parkway', '2 Mandrake Park', '2546501100', 'O''Moylane', 'Blewitt', 'Kent');
insert into empleado (empleado_id, tipo_empleado, calle, colonia, tel, ap_paterno_emp, ap_materno_emp, nombre) values (149, 'Cuidador', '916 Elka Road', '499 Claremont Junction', '3446139826', 'Ticehurst', 'Degli Antoni', 'Barnabas');
insert into empleado (empleado_id, tipo_empleado, calle, colonia, tel, ap_paterno_emp, ap_materno_emp, nombre) values (150, 'Cuidador', '7 Declaration Place', '39 Chive Drive', '1831100419', 'Barnfather', 'Geldart', 'Ron');
--------------------------------------------------------
----------------VALORES VETERINARIO CUIDADOR
--------------------------------------------------------
insert into veterinario (empleado_id, cedula_profesional) values (1, '7082638353');
insert into veterinario (empleado_id, cedula_profesional) values (2, '6312166910');
insert into veterinario (empleado_id, cedula_profesional) values (3, '5800775095');
insert into veterinario (empleado_id, cedula_profesional) values (4, '4179731916');
insert into veterinario (empleado_id, cedula_profesional) values (5, '6568986089');
insert into veterinario (empleado_id, cedula_profesional) values (6, '1710381094');
insert into veterinario (empleado_id, cedula_profesional) values (7, '3785625928');
insert into veterinario (empleado_id, cedula_profesional) values (8, '1131867394');
insert into veterinario (empleado_id, cedula_profesional) values (9, '9323140163');
insert into veterinario (empleado_id, cedula_profesional) values (10, '5689709530');
insert into veterinario (empleado_id, cedula_profesional) values (11, '1945987235');
insert into veterinario (empleado_id, cedula_profesional) values (12, '9413358478');
insert into veterinario (empleado_id, cedula_profesional) values (13, '1752721179');
insert into veterinario (empleado_id, cedula_profesional) values (14, '1406390119');
insert into veterinario (empleado_id, cedula_profesional) values (15, '2785468821');
insert into veterinario (empleado_id, cedula_profesional) values (16, '0036402702');
insert into veterinario (empleado_id, cedula_profesional) values (17, '8172180691');
insert into veterinario (empleado_id, cedula_profesional) values (18, '4785486910');
insert into veterinario (empleado_id, cedula_profesional) values (19, '6509819821');
insert into veterinario (empleado_id, cedula_profesional) values (20, '5115052776');
insert into veterinario (empleado_id, cedula_profesional) values (21, '0527304204');
insert into veterinario (empleado_id, cedula_profesional) values (22, '1201044294');
insert into veterinario (empleado_id, cedula_profesional) values (23, '9255590022');
insert into veterinario (empleado_id, cedula_profesional) values (24, '4557101070');
insert into veterinario (empleado_id, cedula_profesional) values (25, '3744177769');
insert into veterinario (empleado_id, cedula_profesional) values (26, '0439253705');
insert into veterinario (empleado_id, cedula_profesional) values (27, '9570276029');
insert into veterinario (empleado_id, cedula_profesional) values (28, '1136841091');
insert into veterinario (empleado_id, cedula_profesional) values (29, '8927068785');
insert into veterinario (empleado_id, cedula_profesional) values (30, '8639321167');
insert into veterinario (empleado_id, cedula_profesional) values (31, '0627276539');
insert into veterinario (empleado_id, cedula_profesional) values (32, '8422550059');
insert into veterinario (empleado_id, cedula_profesional) values (33, '1906027978');
insert into veterinario (empleado_id, cedula_profesional) values (34, '3646688874');
insert into veterinario (empleado_id, cedula_profesional) values (35, '5864593745');
insert into veterinario (empleado_id, cedula_profesional) values (36, '1222286580');
insert into veterinario (empleado_id, cedula_profesional) values (37, '3303370257');
insert into veterinario (empleado_id, cedula_profesional) values (38, '7309746872');
insert into veterinario (empleado_id, cedula_profesional) values (39, '9577291880');
insert into veterinario (empleado_id, cedula_profesional) values (40, '3007571561');
insert into veterinario (empleado_id, cedula_profesional) values (41, '3813757730');
insert into veterinario (empleado_id, cedula_profesional) values (42, '6696069348');
insert into veterinario (empleado_id, cedula_profesional) values (43, '8160964889');
insert into veterinario (empleado_id, cedula_profesional) values (44, '8638842066');
insert into veterinario (empleado_id, cedula_profesional) values (45, '8679944963');
insert into veterinario (empleado_id, cedula_profesional) values (46, '0872826554');
insert into veterinario (empleado_id, cedula_profesional) values (47, '5968480238');
insert into veterinario (empleado_id, cedula_profesional) values (48, '2552348114');
insert into veterinario (empleado_id, cedula_profesional) values (49, '0160511399');
insert into veterinario (empleado_id, cedula_profesional) values (50, '9066077603');
insert into veterinario (empleado_id, cedula_profesional) values (51, '7997164413');
insert into veterinario (empleado_id, cedula_profesional) values (52, '6199862449');
insert into veterinario (empleado_id, cedula_profesional) values (53, '3072724067');
insert into veterinario (empleado_id, cedula_profesional) values (54, '5680006154');
insert into veterinario (empleado_id, cedula_profesional) values (55, '1144192234');
insert into veterinario (empleado_id, cedula_profesional) values (56, '8096543733');
insert into veterinario (empleado_id, cedula_profesional) values (57, '7683201413');
insert into veterinario (empleado_id, cedula_profesional) values (58, '8822468988');
insert into veterinario (empleado_id, cedula_profesional) values (59, '0304949272');
insert into veterinario (empleado_id, cedula_profesional) values (60, '0118618792');
insert into veterinario (empleado_id, cedula_profesional) values (61, '1974153320');
insert into veterinario (empleado_id, cedula_profesional) values (62, '5028212619');
insert into veterinario (empleado_id, cedula_profesional) values (63, '1310084386');
insert into veterinario (empleado_id, cedula_profesional) values (64, '9107847351');
insert into veterinario (empleado_id, cedula_profesional) values (65, '7807518189');
insert into veterinario (empleado_id, cedula_profesional) values (66, '6641822346');
insert into veterinario (empleado_id, cedula_profesional) values (67, '3205872835');
insert into veterinario (empleado_id, cedula_profesional) values (68, '7513993939');
insert into veterinario (empleado_id, cedula_profesional) values (69, '1864182849');
insert into veterinario (empleado_id, cedula_profesional) values (70, '7846821261');
insert into veterinario (empleado_id, cedula_profesional) values (71, '2781098353');
insert into veterinario (empleado_id, cedula_profesional) values (72, '7076038293');
insert into veterinario (empleado_id, cedula_profesional) values (73, '4528198703');
insert into veterinario (empleado_id, cedula_profesional) values (74, '3570101282');
insert into veterinario (empleado_id, cedula_profesional) values (75, '7344949857');
insert into cuidador (empleado_id) values (76);
insert into cuidador (empleado_id) values (77);
insert into cuidador (empleado_id) values (78);
insert into cuidador (empleado_id) values (79);
insert into cuidador (empleado_id) values (80);
insert into cuidador (empleado_id) values (81);
insert into cuidador (empleado_id) values (82);
insert into cuidador (empleado_id) values (83);
insert into cuidador (empleado_id) values (84);
insert into cuidador (empleado_id) values (85);
insert into cuidador (empleado_id) values (86);
insert into cuidador (empleado_id) values (87);
insert into cuidador (empleado_id) values (88);
insert into cuidador (empleado_id) values (89);
insert into cuidador (empleado_id) values (90);
insert into cuidador (empleado_id) values (91);
insert into cuidador (empleado_id) values (92);
insert into cuidador (empleado_id) values (93);
insert into cuidador (empleado_id) values (94);
insert into cuidador (empleado_id) values (95);
insert into cuidador (empleado_id) values (96);
insert into cuidador (empleado_id) values (97);
insert into cuidador (empleado_id) values (98);
insert into cuidador (empleado_id) values (99);
insert into cuidador (empleado_id) values (100);
insert into cuidador (empleado_id) values (101);
insert into cuidador (empleado_id) values (102);
insert into cuidador (empleado_id) values (103);
insert into cuidador (empleado_id) values (104);
insert into cuidador (empleado_id) values (105);
insert into cuidador (empleado_id) values (106);
insert into cuidador (empleado_id) values (107);
insert into cuidador (empleado_id) values (108);
insert into cuidador (empleado_id) values (109);
insert into cuidador (empleado_id) values (110);
insert into cuidador (empleado_id) values (111);
insert into cuidador (empleado_id) values (112);
insert into cuidador (empleado_id) values (113);
insert into cuidador (empleado_id) values (114);
insert into cuidador (empleado_id) values (115);
insert into cuidador (empleado_id) values (116);
insert into cuidador (empleado_id) values (117);
insert into cuidador (empleado_id) values (118);
insert into cuidador (empleado_id) values (119);
insert into cuidador (empleado_id) values (120);
insert into cuidador (empleado_id) values (121);
insert into cuidador (empleado_id) values (122);
insert into cuidador (empleado_id) values (123);
insert into cuidador (empleado_id) values (124);
insert into cuidador (empleado_id) values (125);
insert into cuidador (empleado_id) values (126);
insert into cuidador (empleado_id) values (127);
insert into cuidador (empleado_id) values (128);
insert into cuidador (empleado_id) values (129);
insert into cuidador (empleado_id) values (130);
insert into cuidador (empleado_id) values (131);
insert into cuidador (empleado_id) values (132);
insert into cuidador (empleado_id) values (133);
insert into cuidador (empleado_id) values (134);
insert into cuidador (empleado_id) values (135);
insert into cuidador (empleado_id) values (136);
insert into cuidador (empleado_id) values (137);
insert into cuidador (empleado_id) values (138);
insert into cuidador (empleado_id) values (139);
insert into cuidador (empleado_id) values (140);
insert into cuidador (empleado_id) values (141);
insert into cuidador (empleado_id) values (142);
insert into cuidador (empleado_id) values (143);
insert into cuidador (empleado_id) values (144);
insert into cuidador (empleado_id) values (145);
insert into cuidador (empleado_id) values (146);
insert into cuidador (empleado_id) values (147);
insert into cuidador (empleado_id) values (148);
insert into cuidador (empleado_id) values (149);
insert into cuidador (empleado_id) values (150);
-------------------------------------------------------
-----------------TABLA INCINERACION
----------------------------------------------------
insert into incineracion (servicio_id, clave_uma, costo_inc) values (101, 10, 225);
insert into incineracion (servicio_id, clave_uma, costo_inc) values (102, 102, 298);
insert into incineracion (servicio_id, clave_uma, costo_inc) values (103, 103, 275);
insert into incineracion (servicio_id, clave_uma, costo_inc) values (104, 104, 273);
insert into incineracion (servicio_id, clave_uma, costo_inc) values (105, 105, 222);
insert into incineracion (servicio_id, clave_uma, costo_inc) values (106, 106, 226);
insert into incineracion (servicio_id, clave_uma, costo_inc) values (107, 107, 293);
insert into incineracion (servicio_id, clave_uma, costo_inc) values (108, 108, 271);
insert into incineracion (servicio_id, clave_uma, costo_inc) values (109, 109, 227);
insert into incineracion (servicio_id, clave_uma, costo_inc) values (110, 110, 201);
insert into incineracion (servicio_id, clave_uma, costo_inc) values (111, 111, 275);
insert into incineracion (servicio_id, clave_uma, costo_inc) values (112, 112, 2428);
insert into incineracion (servicio_id, clave_uma, costo_inc) values (113, 113, 222);
insert into incineracion (servicio_id, clave_uma, costo_inc) values (114, 114, 532);
insert into incineracion (servicio_id, clave_uma, costo_inc) values (115, 115, 358);
insert into incineracion (servicio_id, clave_uma, costo_inc) values (116, 116, 394);
insert into incineracion (servicio_id, clave_uma, costo_inc) values (117, 117, 257);
insert into incineracion (servicio_id, clave_uma, costo_inc) values (118, 118, 255);
insert into incineracion (servicio_id, clave_uma, costo_inc) values (119, 119, 522);
insert into incineracion (servicio_id, clave_uma, costo_inc) values (120, 120, 211);
insert into incineracion (servicio_id, clave_uma, costo_inc) values (121, 121, 284);
insert into incineracion (servicio_id, clave_uma, costo_inc) values (122, 122, 271);
insert into incineracion (servicio_id, clave_uma, costo_inc) values (123, 123, 220);
insert into incineracion (servicio_id, clave_uma, costo_inc) values (124, 124, 214);
insert into incineracion (servicio_id, clave_uma, costo_inc) values (125, 125, 278);
insert into incineracion (servicio_id, clave_uma, costo_inc) values (126, 126, 704);
insert into incineracion (servicio_id, clave_uma, costo_inc) values (127, 127, 211);
insert into incineracion (servicio_id, clave_uma, costo_inc) values (128, 128, 240);
insert into incineracion (servicio_id, clave_uma, costo_inc) values (129, 129, 967);
insert into incineracion (servicio_id, clave_uma, costo_inc) values (130, 130, 291);
insert into incineracion (servicio_id, clave_uma, costo_inc) values (131, 131, 223);
insert into incineracion (servicio_id, clave_uma, costo_inc) values (132, 132, 228);
insert into incineracion (servicio_id, clave_uma, costo_inc) values (133, 133, 261);
insert into incineracion (servicio_id, clave_uma, costo_inc) values (134, 134, 229);
insert into incineracion (servicio_id, clave_uma, costo_inc) values (135, 135, 243);
insert into incineracion (servicio_id, clave_uma, costo_inc) values (136, 136, 552);
insert into incineracion (servicio_id, clave_uma, costo_inc) values (137, 137, 213);
insert into incineracion (servicio_id, clave_uma, costo_inc) values (138, 138, 287);
insert into incineracion (servicio_id, clave_uma, costo_inc) values (139, 139, 299);
insert into incineracion (servicio_id, clave_uma, costo_inc) values (140, 140, 26);
insert into incineracion (servicio_id, clave_uma, costo_inc) values (141, 141, 265);
insert into incineracion (servicio_id, clave_uma, costo_inc) values (142, 142, 252);
insert into incineracion (servicio_id, clave_uma, costo_inc) values (143, 143, 225);
insert into incineracion (servicio_id, clave_uma, costo_inc) values (144, 144, 141);
insert into incineracion (servicio_id, clave_uma, costo_inc) values (145, 145, 210);
insert into incineracion (servicio_id, clave_uma, costo_inc) values (146, 146, 257);
insert into incineracion (servicio_id, clave_uma, costo_inc) values (147, 147, 204);
insert into incineracion (servicio_id, clave_uma, costo_inc) values (148, 148, 159);
insert into incineracion (servicio_id, clave_uma, costo_inc) values (149, 149, 2547);
insert into incineracion (servicio_id, clave_uma, costo_inc) values (150, 150, 217);
insert into incineracion (servicio_id, clave_uma, costo_inc) values (151, 151, 230);
insert into incineracion (servicio_id, clave_uma, costo_inc) values (152, 152, 204);
insert into incineracion (servicio_id, clave_uma, costo_inc) values (153, 153, 973);
insert into incineracion (servicio_id, clave_uma, costo_inc) values (154, 154, 513);
insert into incineracion (servicio_id, clave_uma, costo_inc) values (155, 155, 295);
insert into incineracion (servicio_id, clave_uma, costo_inc) values (156, 156, 247);
insert into incineracion (servicio_id, clave_uma, costo_inc) values (157, 157, 203);
insert into incineracion (servicio_id, clave_uma, costo_inc) values (158, 158, 213);
insert into incineracion (servicio_id, clave_uma, costo_inc) values (159, 159, 291);
insert into incineracion (servicio_id, clave_uma, costo_inc) values (160, 160, 220);
insert into incineracion (servicio_id, clave_uma, costo_inc) values (161, 161, 124);
insert into incineracion (servicio_id, clave_uma, costo_inc) values (162, 162, 238);
insert into incineracion (servicio_id, clave_uma, costo_inc) values (163, 163, 260);
insert into incineracion (servicio_id, clave_uma, costo_inc) values (164, 164, 270);
insert into incineracion (servicio_id, clave_uma, costo_inc) values (165, 165, 962);
insert into incineracion (servicio_id, clave_uma, costo_inc) values (166, 166, 285);
insert into incineracion (servicio_id, clave_uma, costo_inc) values (167, 167, 297);
insert into incineracion (servicio_id, clave_uma, costo_inc) values (168, 168, 202);
insert into incineracion (servicio_id, clave_uma, costo_inc) values (169, 169, 271);
insert into incineracion (servicio_id, clave_uma, costo_inc) values (170, 170, 927);
insert into incineracion (servicio_id, clave_uma, costo_inc) values (171, 171, 268);
insert into incineracion (servicio_id, clave_uma, costo_inc) values (172, 172, 626);
insert into incineracion (servicio_id, clave_uma, costo_inc) values (173, 173, 298);
insert into incineracion (servicio_id, clave_uma, costo_inc) values (174, 174, 222);
insert into incineracion (servicio_id, clave_uma, costo_inc) values (175, 175, 219);
insert into incineracion (servicio_id, clave_uma, costo_inc) values (176, 176, 223);
insert into incineracion (servicio_id, clave_uma, costo_inc) values (177, 177, 287);
insert into incineracion (servicio_id, clave_uma, costo_inc) values (178, 178, 294);
insert into incineracion (servicio_id, clave_uma, costo_inc) values (179, 179, 224);
insert into incineracion (servicio_id, clave_uma, costo_inc) values (180, 180, 172);
insert into incineracion (servicio_id, clave_uma, costo_inc) values (181, 181, 265);
insert into incineracion (servicio_id, clave_uma, costo_inc) values (182, 182, 820);
insert into incineracion (servicio_id, clave_uma, costo_inc) values (183, 183, 204);
insert into incineracion (servicio_id, clave_uma, costo_inc) values (184, 184, 215);
insert into incineracion (servicio_id, clave_uma, costo_inc) values (185, 185, 283);
insert into incineracion (servicio_id, clave_uma, costo_inc) values (186, 186, 172);
insert into incineracion (servicio_id, clave_uma, costo_inc) values (187, 187, 251);
insert into incineracion (servicio_id, clave_uma, costo_inc) values (188, 188, 262);
insert into incineracion (servicio_id, clave_uma, costo_inc) values (189, 189, 209);
insert into incineracion (servicio_id, clave_uma, costo_inc) values (190, 190, 259);
insert into incineracion (servicio_id, clave_uma, costo_inc) values (191, 191, 260);
insert into incineracion (servicio_id, clave_uma, costo_inc) values (192, 192, 276);
insert into incineracion (servicio_id, clave_uma, costo_inc) values (193, 193, 241);
insert into incineracion (servicio_id, clave_uma, costo_inc) values (194, 194, 291);
insert into incineracion (servicio_id, clave_uma, costo_inc) values (195, 195, 272);
insert into incineracion (servicio_id, clave_uma, costo_inc) values (196, 196, 298);
insert into incineracion (servicio_id, clave_uma, costo_inc) values (197, 197, 253);
insert into incineracion (servicio_id, clave_uma, costo_inc) values (198, 198, 255);
insert into incineracion (servicio_id, clave_uma, costo_inc) values (199, 199, 231);
insert into incineracion (servicio_id, clave_uma, costo_inc) values (200, 200, 254);
------------------------------------------------
------------------TABLA CONSULTA
------------------------------------------------
insert into consulta (servicio_id, diagnostico , costo_consulta, costo_medicina , fecha_consulta , empleado_id) values (1, 'Mycotic arthrit-forearm', 1408.2 , 19.6, '1/JAN/2020', 1);
insert into consulta (servicio_id, diagnostico , costo_consulta, costo_medicina , fecha_consulta , empleado_id) values (2, 'Bacterial meningitis NOS', 755, 1328, '8/FEB/2019', 2);
insert into consulta (servicio_id, diagnostico , costo_consulta, costo_medicina , fecha_consulta , empleado_id) values (3, 'Pancreatic disease NOS', 577, 1925, '9/MAR/2019', 3);
insert into consulta (servicio_id, diagnostico , costo_consulta, costo_medicina , fecha_consulta , empleado_id) values (4, 'Pois-quinoline/hydroxyqu', 1794, 1928, '11/APR/2019', 4);
insert into consulta (servicio_id, diagnostico , costo_consulta, costo_medicina , fecha_consulta , empleado_id) values (5, 'Primary TB NOS-cult dx', 678, 1356, '10/JUN/2019', 5);
insert into consulta (servicio_id, diagnostico , costo_consulta, costo_medicina , fecha_consulta , empleado_id) values (6, 'Dislocat elbow NEC-open', 1315, 1550, '9/JAN/2019', 6);
insert into consulta (servicio_id, diagnostico , costo_consulta, costo_medicina , fecha_consulta , empleado_id) values (7, 'Cont/exp haz aromat NEC', 1522, 1107, '2/FEB/2019', 7);
insert into consulta (servicio_id, diagnostico , costo_consulta, costo_medicina , fecha_consulta , empleado_id) values (8, 'Behcet arthritis-up/arm', 528, 910, '9/MAR/2019', 8);
insert into consulta (servicio_id, diagnostico , costo_consulta, costo_medicina , fecha_consulta , empleado_id) values (9, 'Pancreatic disorder NOS', 948, 1573, '8/APR/2019', 9);
insert into consulta (servicio_id, diagnostico , costo_consulta, costo_medicina , fecha_consulta , empleado_id) values (10, 'Burn NOS scapula', 1858, 547, '7/JAN/2019', 10);
insert into consulta (servicio_id, diagnostico , costo_consulta, costo_medicina , fecha_consulta , empleado_id) values (11, 'Dysenter arthrit-ankle', 737, 750, '9/JUN/2019', 11);
insert into consulta (servicio_id, diagnostico , costo_consulta, costo_medicina , fecha_consulta , empleado_id) values (12, 'Perin traum NOS-postpart', 1846, 1798, '10/JUL/2019', 12);
insert into consulta (servicio_id, diagnostico , costo_consulta, costo_medicina , fecha_consulta , empleado_id) values (13, 'Furnit w/o sub fall', 1327, 232, '5/APR/2019', 13);
insert into consulta (servicio_id, diagnostico , costo_consulta, costo_medicina , fecha_consulta , empleado_id) values (14, 'Disc degeneration NOS', 442, 1280, '8/JAN/2019', 14);
insert into consulta (servicio_id, diagnostico , costo_consulta, costo_medicina , fecha_consulta , empleado_id) values (15, 'Chronic dacryoadenitis', 1670, 1931, '4/FEB/2019', 15);
insert into consulta (servicio_id, diagnostico , costo_consulta, costo_medicina , fecha_consulta , empleado_id) values (16, 'TB laryngitis-cult dx', 989, 1694, '11/MAR/2019', 16);
insert into consulta (servicio_id, diagnostico , costo_consulta, costo_medicina , fecha_consulta , empleado_id) values (17, 'Disloc 5th cerv vert-cl', 952, 1797, '6/JUN/2019', 17);
insert into consulta (servicio_id, diagnostico , costo_consulta, costo_medicina , fecha_consulta , empleado_id) values (18, 'TB pneumonia-histo dx', 1506, 727, '6/JUL/2019', 18);
insert into consulta (servicio_id, diagnostico , costo_consulta, costo_medicina , fecha_consulta , empleado_id) values (19, 'Spec lacrimal gland anom', 795, 952, '9/FEB/2019', 19);
insert into consulta (servicio_id, diagnostico , costo_consulta, costo_medicina , fecha_consulta , empleado_id) values (20, 'Infantile hemiplegia', 1780, 508, '10/JAN/2019', 20);
insert into consulta (servicio_id, diagnostico , costo_consulta, costo_medicina , fecha_consulta , empleado_id) values (21, 'Muscle weakness-general', 1833, 1121, '6/FEB/2019', 21);
insert into consulta (servicio_id, diagnostico , costo_consulta, costo_medicina , fecha_consulta , empleado_id) values (22, 'Congenital aphakia', 970, 1295, '6/JUL/2019', 22);
insert into consulta (servicio_id, diagnostico , costo_consulta, costo_medicina , fecha_consulta , empleado_id) values (23, 'Pois-antacid/antigastric', 515, 339, '5/APR/2019', 23);
insert into consulta (servicio_id, diagnostico , costo_consulta, costo_medicina , fecha_consulta , empleado_id) values (24, 'Opn skul fx NEC w/o coma', 1909, 1505, '3/JUN/2019', 24);
insert into consulta (servicio_id, diagnostico , costo_consulta, costo_medicina , fecha_consulta , empleado_id) values (25, 'Joint replaced shoulder', 665, 1825, '4/FEB/2019', 25);
insert into consulta (servicio_id, diagnostico , costo_consulta, costo_medicina , fecha_consulta , empleado_id) values (26, 'Acute tonsillitis', 1639, 607, '7/MAR/2019', 26);
insert into consulta (servicio_id, diagnostico , costo_consulta, costo_medicina , fecha_consulta , empleado_id) values (27, 'Spinal muscl atrophy NOS', 1124, 1709, '4/APR/2019', 27);
insert into consulta (servicio_id, diagnostico , costo_consulta, costo_medicina , fecha_consulta , empleado_id) values (28, 'Loss labyrin react bilat', 643, 659, '12/JUN/2019', 28);
insert into consulta (servicio_id, diagnostico , costo_consulta, costo_medicina , fecha_consulta , empleado_id) values (29, 'Asymp hiv infectn status', 861, 1179, '3/JUL/2020', 29);
insert into consulta (servicio_id, diagnostico , costo_consulta, costo_medicina , fecha_consulta , empleado_id) values (30, 'Overexert reptv mvmt NOS', 539, 1609, '9/JAN/2019', 30);
insert into consulta (servicio_id, diagnostico , costo_consulta, costo_medicina , fecha_consulta , empleado_id) values (31, 'Infective myositis', 1372, 356, '12/FEB/2019', 31);
insert into consulta (servicio_id, diagnostico , costo_consulta, costo_medicina , fecha_consulta , empleado_id) values (32, 'Testicular dysfunct NEC', 1378, 616, '8/MAR/2019', 32);
insert into consulta (servicio_id, diagnostico , costo_consulta, costo_medicina , fecha_consulta , empleado_id) values (33, 'Malig neuroendo ca NOS', 1122, 1672, '5/APR/2019', 33);
insert into consulta (servicio_id, diagnostico , costo_consulta, costo_medicina , fecha_consulta , empleado_id) values (34, 'Erosion-dentine', 718, 871, '9/JUN/2019', 34);
insert into consulta (servicio_id, diagnostico , costo_consulta, costo_medicina , fecha_consulta , empleado_id) values (35, 'Spotted fevers', 1445, 806, '9/JUL/2019', 35);
insert into consulta (servicio_id, diagnostico , costo_consulta, costo_medicina , fecha_consulta , empleado_id) values (36, 'Menstl mgr wo ntrc w st', 686, 700, '2/SEP/2019', 36);
insert into consulta (servicio_id, diagnostico , costo_consulta, costo_medicina , fecha_consulta , empleado_id) values (37, 'Mal neo female genit NEC', 1694, 1033, '7/NOV/2019', 37);
insert into consulta (servicio_id, diagnostico , costo_consulta, costo_medicina , fecha_consulta , empleado_id) values (38, 'Holiday relief care', 890, 1726, '5/DEC/2019', 38);
insert into consulta (servicio_id, diagnostico , costo_consulta, costo_medicina , fecha_consulta , empleado_id) values (39, 'TB pneumothorax-histo dx', 1991, 1290, '1/JAN/2020', 39);
insert into consulta (servicio_id, diagnostico , costo_consulta, costo_medicina , fecha_consulta , empleado_id) values (40, 'Adv eff mix sedative', 1781, 1477, '12/FEB/2019', 40);
insert into consulta (servicio_id, diagnostico , costo_consulta, costo_medicina , fecha_consulta , empleado_id) values (41, 'Upper resp dis NEC/NOS', 1034, 757, '12/MAR/2019', 41);
insert into consulta (servicio_id, diagnostico , costo_consulta, costo_medicina , fecha_consulta , empleado_id) values (42, 'Abn amnion NEC aff NB', 1893, 1961, '10/APR/2019', 42);
insert into consulta (servicio_id, diagnostico , costo_consulta, costo_medicina , fecha_consulta , empleado_id) values (43, 'Hyprtrophc obst cardiomy', 892, 887, '2/JUN/2019', 43);
insert into consulta (servicio_id, diagnostico , costo_consulta, costo_medicina , fecha_consulta , empleado_id) values (44, 'Sec neuroend tumor-liver', 558, 504, '10/JUL/2019', 44);
insert into consulta (servicio_id, diagnostico , costo_consulta, costo_medicina , fecha_consulta , empleado_id) values (45, 'Kidney hematoma-closed', 454, 919, '7/APR/2019', 45);
insert into consulta (servicio_id, diagnostico , costo_consulta, costo_medicina , fecha_consulta , empleado_id) values (46, 'Basal cell ca skin trunk', 965, 300, '10/JAN/2019', 46);
insert into consulta (servicio_id, diagnostico , costo_consulta, costo_medicina , fecha_consulta , empleado_id) values (47, 'Hx-male genit malig NOS', 1998, 1892, '8/SEP/2019', 47);
insert into consulta (servicio_id, diagnostico , costo_consulta, costo_medicina , fecha_consulta , empleado_id) values (48, 'Chr osteomyelit-shlder', 1758, 1660, '12/NOV/2019', 48);
insert into consulta (servicio_id, diagnostico , costo_consulta, costo_medicina , fecha_consulta , empleado_id) values (49, 'Human bite - accidental', 751, 390, '4/DEC/2019', 49);
insert into consulta (servicio_id, diagnostico , costo_consulta, costo_medicina , fecha_consulta , empleado_id) values (50, 'Reiter arthritis-up/arm', 920, 1593, '1/JAN/2020', 50);
insert into consulta (servicio_id, diagnostico , costo_consulta, costo_medicina , fecha_consulta , empleado_id) values (51, 'Benign neoplasm vagina', 1976, 430, '7/FEB/2019', 51);
insert into consulta (servicio_id, diagnostico , costo_consulta, costo_medicina , fecha_consulta , empleado_id) values (52, 'Hemarthrosis-jt NEC', 1333, 258, '10/MAR/2019', 52);
insert into consulta (servicio_id, diagnostico , costo_consulta, costo_medicina , fecha_consulta , empleado_id) values (53, 'Bilat cleft palate-compl', 1019, 481, '10/JUN/2019', 53);
insert into consulta (servicio_id, diagnostico , costo_consulta, costo_medicina , fecha_consulta , empleado_id) values (54, 'Cornea donor', 448, 1759, '7/JUL/2019', 54);
insert into consulta (servicio_id, diagnostico , costo_consulta, costo_medicina , fecha_consulta , empleado_id) values (55, 'High vaginal lac-postpar', 1812, 1235, '9/AUG/2019', 55);
insert into consulta (servicio_id, diagnostico , costo_consulta, costo_medicina , fecha_consulta , empleado_id) values (56, 'Comp oth organ transplnt', 1322, 1841, '6/SEP/2019', 56);
insert into consulta (servicio_id, diagnostico , costo_consulta, costo_medicina , fecha_consulta , empleado_id) values (57, 'Cns abscess NOS', 1469, 402, '12/NOV/2019', 57);
insert into consulta (servicio_id, diagnostico , costo_consulta, costo_medicina , fecha_consulta , empleado_id) values (58, 'Candidal enteritis', 1216, 250, '3/DEC/2019', 58);
insert into consulta (servicio_id, diagnostico , costo_consulta, costo_medicina , fecha_consulta , empleado_id) values (59, 'Family hx-condition NEC', 1993, 1287, '8/JAN/2019', 59);
insert into consulta (servicio_id, diagnostico , costo_consulta, costo_medicina , fecha_consulta , empleado_id) values (60, 'Opioid/other dep-contin', 1316, 1652, '1/FEB/2020', 60);
insert into consulta (servicio_id, diagnostico , costo_consulta, costo_medicina , fecha_consulta , empleado_id) values (61, 'Burn eye & adnexa NOS', 694, 1477, '8/MAR/2019', 61);
insert into consulta (servicio_id, diagnostico , costo_consulta, costo_medicina , fecha_consulta , empleado_id) values (62, 'Oth chr drmtit solar rad', 484, 763, '12/APR/2019', 62);
insert into consulta (servicio_id, diagnostico , costo_consulta, costo_medicina , fecha_consulta , empleado_id) values (63, 'Anaerobic septicemia', 444, 1703, '7/JUN/2019', 63);
insert into consulta (servicio_id, diagnostico , costo_consulta, costo_medicina , fecha_consulta , empleado_id) values (64, 'Rheumatic heart dis NOS', 1903, 305, '2/JUL/2019', 64);
insert into consulta (servicio_id, diagnostico , costo_consulta, costo_medicina , fecha_consulta , empleado_id) values (65, 'Glutathione dis anemia', 928, 1752, '6/SEP/2019', 65);
insert into consulta (servicio_id, diagnostico , costo_consulta, costo_medicina , fecha_consulta , empleado_id) values (66, 'Face/brow pres-antepart', 1298, 679, '5/NOV/2019', 66);
insert into consulta (servicio_id, diagnostico , costo_consulta, costo_medicina , fecha_consulta , empleado_id) values (67, 'Second hypertension NEC', 1633, 1085, '7/DEC/2019', 67);
insert into consulta (servicio_id, diagnostico , costo_consulta, costo_medicina , fecha_consulta , empleado_id) values (68, 'Periph station pterygium', 1180, 343, '6/JAN/2019', 68);
insert into consulta (servicio_id, diagnostico , costo_consulta, costo_medicina , fecha_consulta , empleado_id) values (69, 'Unsp ds conjuc viruses', 718, 1293, '7/FEB/2019', 69);
insert into consulta (servicio_id, diagnostico , costo_consulta, costo_medicina , fecha_consulta , empleado_id) values (70, 'Venomous bite/sting NOS', 1761, 1588, '12/MAR/2019', 70);
insert into consulta (servicio_id, diagnostico , costo_consulta, costo_medicina , fecha_consulta , empleado_id) values (71, 'Late effect, war injury', 1240, 650, '10/JUN/2019', 71);
insert into consulta (servicio_id, diagnostico , costo_consulta, costo_medicina , fecha_consulta , empleado_id) values (72, 'Malign neopl breast NOS', 870, 1455, '8/JUL/2019', 72);
insert into consulta (servicio_id, diagnostico , costo_consulta, costo_medicina , fecha_consulta , empleado_id) values (73, 'Poisoning-ovarian hormon', 1439, 1205, '3/AUG/2019', 73);
insert into consulta (servicio_id, diagnostico , costo_consulta, costo_medicina , fecha_consulta , empleado_id) values (74, 'TB of ureter-micro dx', 1671, 1570, '4/SEP/2019', 74);
insert into consulta (servicio_id, diagnostico , costo_consulta, costo_medicina , fecha_consulta , empleado_id) values (75, 'Opn skul/oth fx-brf coma', 1763, 1312, '3/DEC/2019', 75);
insert into consulta (servicio_id, diagnostico , costo_consulta, costo_medicina , fecha_consulta , empleado_id) values (76, 'Dermatophytosis site NOS', 1996, 1929, '4/NOV/2019', 76);
insert into consulta (servicio_id, diagnostico , costo_consulta, costo_medicina , fecha_consulta , empleado_id) values (77, 'Renal dis NOS-delivered', 1325, 602, '11/JAN/2019', 77);
insert into consulta (servicio_id, diagnostico , costo_consulta, costo_medicina , fecha_consulta , empleado_id) values (78, 'Thrombosis NEC preg-unsp', 709, 1843, '8/FEB/2019', 78);
insert into consulta (servicio_id, diagnostico , costo_consulta, costo_medicina , fecha_consulta , empleado_id) values (79, 'Polymyositis', 1789, 1130, '4/MAR/2019', 79);
insert into consulta (servicio_id, diagnostico , costo_consulta, costo_medicina , fecha_consulta , empleado_id) values (80, 'NB acidosis NEC', 724, 955, '4/APR/2019', 80);
insert into consulta (servicio_id, diagnostico , costo_consulta, costo_medicina , fecha_consulta , empleado_id) values (81, 'Hypoglossal nerve dis', 1803, 1097, '9/JUN/2019', 81);
insert into consulta (servicio_id, diagnostico , costo_consulta, costo_medicina , fecha_consulta , empleado_id) values (82, 'Undeter pois-exhaust gas', 741, 546, '10/JUL/2019', 82);
insert into consulta (servicio_id, diagnostico , costo_consulta, costo_medicina , fecha_consulta , empleado_id) values (83, 'Atrophic flaccid tympan', 344, 1939, '9/AUG/2019', 83);
insert into consulta (servicio_id, diagnostico , costo_consulta, costo_medicina , fecha_consulta , empleado_id) values (84, 'Cholera carrier', 1111, 1975, '2/SEP/2019', 84);
insert into consulta (servicio_id, diagnostico , costo_consulta, costo_medicina , fecha_consulta , empleado_id) values (85, 'Cl skull fx NEC-concuss', 1193, 1750, '10/DEC/2019', 85);
insert into consulta (servicio_id, diagnostico , costo_consulta, costo_medicina , fecha_consulta , empleado_id) values (86, 'Cochlear otosclerosis', 1898, 1605, '7/JAN/2019', 86);
insert into consulta (servicio_id, diagnostico , costo_consulta, costo_medicina , fecha_consulta , empleado_id) values (87, 'FB post heart catheter', 970, 1642, '10/JUL/2019', 87);
insert into consulta (servicio_id, diagnostico , costo_consulta, costo_medicina , fecha_consulta , empleado_id) values (88, 'TB of ureter-no exam', 1669, 841, '4/AUG/2019', 88);
insert into consulta (servicio_id, diagnostico , costo_consulta, costo_medicina , fecha_consulta , empleado_id) values (89, 'Mal neo lacrimal duct', 565, 1183, '3/SEP/2019', 89);
insert into consulta (servicio_id, diagnostico , costo_consulta, costo_medicina , fecha_consulta , empleado_id) values (90, 'Adv eff antipruritics', 886, 779, '3/OCT/2019', 90);
insert into consulta (servicio_id, diagnostico , costo_consulta, costo_medicina , fecha_consulta , empleado_id) values (91, 'Cl skl base fx-prol coma', 317, 1511, '12/NOV/2019', 91);
insert into consulta (servicio_id, diagnostico , costo_consulta, costo_medicina , fecha_consulta , empleado_id) values (92, 'Malig neo testis NEC', 1939, 576, '7/DEC/2019', 92);
insert into consulta (servicio_id, diagnostico , costo_consulta, costo_medicina , fecha_consulta , empleado_id) values (93, 'Acute chest syndrome', 1603, 1221, '2/JAN/2019', 93);
insert into consulta (servicio_id, diagnostico , costo_consulta, costo_medicina , fecha_consulta , empleado_id) values (94, 'TB encephalit-exam unkn', 826, 1849, '4/FEB/2019', 94);
insert into consulta (servicio_id, diagnostico , costo_consulta, costo_medicina , fecha_consulta , empleado_id) values (95, 'Atresia large intestine', 1950, 1491, '4/MAR/2019', 95);
insert into consulta (servicio_id, diagnostico , costo_consulta, costo_medicina , fecha_consulta , empleado_id) values (96, 'Lack of water', 940, 718, '8/APR/2019', 96);
insert into consulta (servicio_id, diagnostico , costo_consulta, costo_medicina , fecha_consulta , empleado_id) values (97, 'Gastrostomy comp NOS', 1175, 1616, '2/JUN/2019', 97);
insert into consulta (servicio_id, diagnostico , costo_consulta, costo_medicina , fecha_consulta , empleado_id) values (98, 'Vaccin for common cold', 1841, 1247, '12/JUL/2019', 98);
insert into consulta (servicio_id, diagnostico , costo_consulta, costo_medicina , fecha_consulta , empleado_id) values (99, 'Meralgia paresthetica', 374, 1939, '8/SEP/2019', 99);
insert into consulta (servicio_id, diagnostico , costo_consulta, costo_medicina , fecha_consulta , empleado_id) values (100, 'Hx musculoskletl dis NEC', 1917, 1392, '1/NOV/2020', 100);
-----------------------------------------------------------
--------------------TABLA TRATAMIENTO
----------------------------------------------------------
insert into tratamiento (tratamiento_id, numtrat, costo_tratamiento) values (1, 2, 2523);
insert into tratamiento (tratamiento_id, numtrat, costo_tratamiento) values (2, 4, 1349);
insert into tratamiento (tratamiento_id, numtrat, costo_tratamiento) values (3, 6, 2334);
insert into tratamiento (tratamiento_id, numtrat, costo_tratamiento) values (4, 8, 1494);
insert into tratamiento (tratamiento_id, numtrat, costo_tratamiento) values (5, 10, 2654);
insert into tratamiento (tratamiento_id, numtrat, costo_tratamiento) values (6, 12, 515);
insert into tratamiento (tratamiento_id, numtrat, costo_tratamiento) values (7, 14, 2161);
insert into tratamiento (tratamiento_id, numtrat, costo_tratamiento) values (8, 16, 1367);
insert into tratamiento (tratamiento_id, numtrat, costo_tratamiento) values (9, 18, 1285);
insert into tratamiento (tratamiento_id, numtrat, costo_tratamiento) values (10, 20, 1511);
insert into tratamiento (tratamiento_id, numtrat, costo_tratamiento) values (11, 22, 506);
insert into tratamiento (tratamiento_id, numtrat, costo_tratamiento) values (12, 24, 2855);
insert into tratamiento (tratamiento_id, numtrat, costo_tratamiento) values (13, 26, 2408);
insert into tratamiento (tratamiento_id, numtrat, costo_tratamiento) values (14, 28, 2852);
insert into tratamiento (tratamiento_id, numtrat, costo_tratamiento) values (15, 30, 980);
insert into tratamiento (tratamiento_id, numtrat, costo_tratamiento) values (16, 32, 1066);
insert into tratamiento (tratamiento_id, numtrat, costo_tratamiento) values (17, 34, 1850);
insert into tratamiento (tratamiento_id, numtrat, costo_tratamiento) values (18, 36, 1488);
insert into tratamiento (tratamiento_id, numtrat, costo_tratamiento) values (19, 38, 1102);
insert into tratamiento (tratamiento_id, numtrat, costo_tratamiento) values (20, 40, 1179);
insert into tratamiento (tratamiento_id, numtrat, costo_tratamiento) values (21, 42, 752);
insert into tratamiento (tratamiento_id, numtrat, costo_tratamiento) values (22, 44, 433);
insert into tratamiento (tratamiento_id, numtrat, costo_tratamiento) values (23, 46, 2244);
insert into tratamiento (tratamiento_id, numtrat, costo_tratamiento) values (24, 48, 1736);
insert into tratamiento (tratamiento_id, numtrat, costo_tratamiento) values (25, 50, 2940);
insert into tratamiento (tratamiento_id, numtrat, costo_tratamiento) values (26, 52, 2871);
insert into tratamiento (tratamiento_id, numtrat, costo_tratamiento) values (27, 54, 1628);
insert into tratamiento (tratamiento_id, numtrat, costo_tratamiento) values (28, 56, 2198);
insert into tratamiento (tratamiento_id, numtrat, costo_tratamiento) values (29, 58, 2375);
insert into tratamiento (tratamiento_id, numtrat, costo_tratamiento) values (30, 60, 2239);
insert into tratamiento (tratamiento_id, numtrat, costo_tratamiento) values (31, 62, 815);
insert into tratamiento (tratamiento_id, numtrat, costo_tratamiento) values (32, 64, 693);
insert into tratamiento (tratamiento_id, numtrat, costo_tratamiento) values (33, 66, 1381);
insert into tratamiento (tratamiento_id, numtrat, costo_tratamiento) values (34, 68, 601);
insert into tratamiento (tratamiento_id, numtrat, costo_tratamiento) values (35, 70, 2276);
insert into tratamiento (tratamiento_id, numtrat, costo_tratamiento) values (36, 72, 1910);
insert into tratamiento (tratamiento_id, numtrat, costo_tratamiento) values (37, 74, 1943);
insert into tratamiento (tratamiento_id, numtrat, costo_tratamiento) values (38, 76, 1062);
insert into tratamiento (tratamiento_id, numtrat, costo_tratamiento) values (39, 78, 575);
insert into tratamiento (tratamiento_id, numtrat, costo_tratamiento) values (40, 80, 1697);
insert into tratamiento (tratamiento_id, numtrat, costo_tratamiento) values (41, 82, 2957);
insert into tratamiento (tratamiento_id, numtrat, costo_tratamiento) values (42, 84, 2801);
insert into tratamiento (tratamiento_id, numtrat, costo_tratamiento) values (43, 86, 2170);
insert into tratamiento (tratamiento_id, numtrat, costo_tratamiento) values (44, 88, 974);
insert into tratamiento (tratamiento_id, numtrat, costo_tratamiento) values (45, 90, 1086);
insert into tratamiento (tratamiento_id, numtrat, costo_tratamiento) values (46, 92, 1410);
insert into tratamiento (tratamiento_id, numtrat, costo_tratamiento) values (47, 94, 2684);
insert into tratamiento (tratamiento_id, numtrat, costo_tratamiento) values (48, 96, 655);
insert into tratamiento (tratamiento_id, numtrat, costo_tratamiento) values (49, 98, 2248);
insert into tratamiento (tratamiento_id, numtrat, costo_tratamiento) values (50, 100, 1773);
insert into tratamiento (tratamiento_id, numtrat, costo_tratamiento) values (51, 102, 2236);
insert into tratamiento (tratamiento_id, numtrat, costo_tratamiento) values (52, 104, 2402);
insert into tratamiento (tratamiento_id, numtrat, costo_tratamiento) values (53, 106, 2951);
insert into tratamiento (tratamiento_id, numtrat, costo_tratamiento) values (54, 108, 1578);
insert into tratamiento (tratamiento_id, numtrat, costo_tratamiento) values (55, 110, 2811);
insert into tratamiento (tratamiento_id, numtrat, costo_tratamiento) values (56, 112, 2466);
insert into tratamiento (tratamiento_id, numtrat, costo_tratamiento) values (57, 114, 1745);
insert into tratamiento (tratamiento_id, numtrat, costo_tratamiento) values (58, 116, 1092);
insert into tratamiento (tratamiento_id, numtrat, costo_tratamiento) values (59, 118, 1819);
insert into tratamiento (tratamiento_id, numtrat, costo_tratamiento) values (60, 120, 678);
insert into tratamiento (tratamiento_id, numtrat, costo_tratamiento) values (61, 122, 2123);
insert into tratamiento (tratamiento_id, numtrat, costo_tratamiento) values (62, 124, 692);
insert into tratamiento (tratamiento_id, numtrat, costo_tratamiento) values (63, 126, 780);
insert into tratamiento (tratamiento_id, numtrat, costo_tratamiento) values (64, 128, 1804);
insert into tratamiento (tratamiento_id, numtrat, costo_tratamiento) values (65, 130, 1745);
insert into tratamiento (tratamiento_id, numtrat, costo_tratamiento) values (66, 132, 2293);
insert into tratamiento (tratamiento_id, numtrat, costo_tratamiento) values (67, 134, 1174);
insert into tratamiento (tratamiento_id, numtrat, costo_tratamiento) values (68, 136, 2019);
insert into tratamiento (tratamiento_id, numtrat, costo_tratamiento) values (69, 138, 404);
insert into tratamiento (tratamiento_id, numtrat, costo_tratamiento) values (70, 140, 1829);
insert into tratamiento (tratamiento_id, numtrat, costo_tratamiento) values (71, 142, 2284);
insert into tratamiento (tratamiento_id, numtrat, costo_tratamiento) values (72, 144, 1325);
insert into tratamiento (tratamiento_id, numtrat, costo_tratamiento) values (73, 146, 2080);
insert into tratamiento (tratamiento_id, numtrat, costo_tratamiento) values (74, 148, 1252);
insert into tratamiento (tratamiento_id, numtrat, costo_tratamiento) values (75, 150, 1465);
insert into tratamiento (tratamiento_id, numtrat, costo_tratamiento) values (76, 152, 2333);
insert into tratamiento (tratamiento_id, numtrat, costo_tratamiento) values (77, 154, 1303);
insert into tratamiento (tratamiento_id, numtrat, costo_tratamiento) values (78, 156, 2862);
insert into tratamiento (tratamiento_id, numtrat, costo_tratamiento) values (79, 158, 2067);
insert into tratamiento (tratamiento_id, numtrat, costo_tratamiento) values (80, 160, 465);
insert into tratamiento (tratamiento_id, numtrat, costo_tratamiento) values (81, 162, 2456);
insert into tratamiento (tratamiento_id, numtrat, costo_tratamiento) values (82, 164, 1017);
insert into tratamiento (tratamiento_id, numtrat, costo_tratamiento) values (83, 166, 2605);
insert into tratamiento (tratamiento_id, numtrat, costo_tratamiento) values (84, 168, 2175);
insert into tratamiento (tratamiento_id, numtrat, costo_tratamiento) values (85, 170, 1413);
insert into tratamiento (tratamiento_id, numtrat, costo_tratamiento) values (86, 172, 1125);
insert into tratamiento (tratamiento_id, numtrat, costo_tratamiento) values (87, 174, 2074);
insert into tratamiento (tratamiento_id, numtrat, costo_tratamiento) values (88, 176, 599);
insert into tratamiento (tratamiento_id, numtrat, costo_tratamiento) values (89, 178, 907);
insert into tratamiento (tratamiento_id, numtrat, costo_tratamiento) values (90, 180, 1888);
insert into tratamiento (tratamiento_id, numtrat, costo_tratamiento) values (91, 182, 1610);
insert into tratamiento (tratamiento_id, numtrat, costo_tratamiento) values (92, 184, 2434);
insert into tratamiento (tratamiento_id, numtrat, costo_tratamiento) values (93, 186, 1649);
insert into tratamiento (tratamiento_id, numtrat, costo_tratamiento) values (94, 188, 692);
insert into tratamiento (tratamiento_id, numtrat, costo_tratamiento) values (95, 190, 1907);
insert into tratamiento (tratamiento_id, numtrat, costo_tratamiento) values (96, 192, 1193);
insert into tratamiento (tratamiento_id, numtrat, costo_tratamiento) values (97, 194, 2917);
insert into tratamiento (tratamiento_id, numtrat, costo_tratamiento) values (98, 196, 519);
insert into tratamiento (tratamiento_id, numtrat, costo_tratamiento) values (99, 198, 2240);
insert into tratamiento (tratamiento_id, numtrat, costo_tratamiento) values (100, 200, 1741);
-----------------------------------------------------------
-------------------TABLA PRESCRIBE TRATAMIENTO
-----------------------------------------------------------
insert into prescribe_tratamiento (prescribe_tratamiento_id, indicaciones, tratamiento_id) values (1, 'Adrenal lesion excisionAdrenal lesion excision', 1);
insert into prescribe_tratamiento (prescribe_tratamiento_id, indicaciones, tratamiento_id) values (2, 'Adrenal incisionAdrenal incision', 2);
insert into prescribe_tratamiento (prescribe_tratamiento_id, indicaciones, tratamiento_id) values (3, 'Refus drs/drslmb ant/antRefus drs/drslmb ant/ant', 3);
insert into prescribe_tratamiento (prescribe_tratamiento_id, indicaciones, tratamiento_id) values (4, 'Opn/oth rep hrt vlv NOSOpn/oth rep hrt vlv NOS', 4);
insert into prescribe_tratamiento (prescribe_tratamiento_id, indicaciones, tratamiento_id) values (5, 'Urinary manometryUrinary manometry', 5);
insert into prescribe_tratamiento (prescribe_tratamiento_id, indicaciones, tratamiento_id) values (6, 'Thorac lg bowel interposThorac lg bowel interpos', 6);
insert into prescribe_tratamiento (prescribe_tratamiento_id, indicaciones, tratamiento_id) values (7, 'Irrigation of eyeIrrigation of eye', 7);
insert into prescribe_tratamiento (prescribe_tratamiento_id, indicaciones, tratamiento_id) values (8, 'Extracorp immunoabsorptExtracorp immunoabsorpt', 8);
insert into prescribe_tratamiento (prescribe_tratamiento_id, indicaciones, tratamiento_id) values (9, 'Cl reduct mandible fxCl reduct mandible fx', 9);
insert into prescribe_tratamiento (prescribe_tratamiento_id, indicaciones, tratamiento_id) values (10, 'Retroperiton fistulogramRetroperiton fistulogram', 10);
insert into prescribe_tratamiento (prescribe_tratamiento_id, indicaciones, tratamiento_id) values (11, 'Rt & lt heart angiocardRt & lt heart angiocard', 11);
insert into prescribe_tratamiento (prescribe_tratamiento_id, indicaciones, tratamiento_id) values (12, 'Head/neck vessel excisHead/neck vessel excis', 12);
insert into prescribe_tratamiento (prescribe_tratamiento_id, indicaciones, tratamiento_id) values (13, 'Injection into marrowInjection into marrow', 13);
insert into prescribe_tratamiento (prescribe_tratamiento_id, indicaciones, tratamiento_id) values (14, 'Remov small bowel tubeRemov small bowel tube', 14);
insert into prescribe_tratamiento (prescribe_tratamiento_id, indicaciones, tratamiento_id) values (15, 'Culture-spleen/marrowCulture-spleen/marrow', 15);
insert into prescribe_tratamiento (prescribe_tratamiento_id, indicaciones, tratamiento_id) values (16, 'Vent shunt extracran NECVent shunt extracran NEC', 16);
insert into prescribe_tratamiento (prescribe_tratamiento_id, indicaciones, tratamiento_id) values (17, 'Combined pt NOSCombined pt NOS', 17);
insert into prescribe_tratamiento (prescribe_tratamiento_id, indicaciones, tratamiento_id) values (18, 'Nephrocystanastomosi NOSNephrocystanastomosi NOS', 18);
insert into prescribe_tratamiento (prescribe_tratamiento_id, indicaciones, tratamiento_id) values (19, 'Destruc-elbow lesion NECDestruc-elbow lesion NEC', 19);
insert into prescribe_tratamiento (prescribe_tratamiento_id, indicaciones, tratamiento_id) values (20, 'Nasal sept grft-epistaxNasal sept grft-epistax', 20);
insert into prescribe_tratamiento (prescribe_tratamiento_id, indicaciones, tratamiento_id) values (21, 'Anal/perian dx proc NECAnal/perian dx proc NEC', 21);
insert into prescribe_tratamiento (prescribe_tratamiento_id, indicaciones, tratamiento_id) values (22, 'Femur injury op NOSFemur injury op NOS', 22);
insert into prescribe_tratamiento (prescribe_tratamiento_id, indicaciones, tratamiento_id) values (23, 'Ureterectomy NOSUreterectomy NOS', 23);
insert into prescribe_tratamiento (prescribe_tratamiento_id, indicaciones, tratamiento_id) values (24, 'Fallopian tube aspiratFallopian tube aspirat', 24);
insert into prescribe_tratamiento (prescribe_tratamiento_id, indicaciones, tratamiento_id) values (25, 'Digital enterostomy examDigital enterostomy exam', 25);
insert into prescribe_tratamiento (prescribe_tratamiento_id, indicaciones, tratamiento_id) values (26, 'Metatarsophalangeal fusMetatarsophalangeal fus', 26);
insert into prescribe_tratamiento (prescribe_tratamiento_id, indicaciones, tratamiento_id) values (27, 'Cardiac retrainingCardiac retraining', 27);
insert into prescribe_tratamiento (prescribe_tratamiento_id, indicaciones, tratamiento_id) values (28, 'Replace large bowel tubeReplace large bowel tube', 28);
insert into prescribe_tratamiento (prescribe_tratamiento_id, indicaciones, tratamiento_id) values (29, 'Salivary operation NECSalivary operation NEC', 29);
insert into prescribe_tratamiento (prescribe_tratamiento_id, indicaciones, tratamiento_id) values (30, 'Urethral dilationUrethral dilation', 30);
insert into prescribe_tratamiento (prescribe_tratamiento_id, indicaciones, tratamiento_id) values (31, 'Unil femor hrn rep-grftUnil femor hrn rep-grft', 31);
insert into prescribe_tratamiento (prescribe_tratamiento_id, indicaciones, tratamiento_id) values (32, 'Glaucoma testingGlaucoma testing', 32);
insert into prescribe_tratamiento (prescribe_tratamiento_id, indicaciones, tratamiento_id) values (33, 'Other transanal enemaOther transanal enema', 33);
insert into prescribe_tratamiento (prescribe_tratamiento_id, indicaciones, tratamiento_id) values (34, 'Bil subq mammect-implantBil subq mammect-implant', 34);
insert into prescribe_tratamiento (prescribe_tratamiento_id, indicaciones, tratamiento_id) values (35, 'Bilat part salpingec NOSBilat part salpingec NOS', 35);
insert into prescribe_tratamiento (prescribe_tratamiento_id, indicaciones, tratamiento_id) values (36, 'Osteoclasis-tibia/fibulaOsteoclasis-tibia/fibula', 36);
insert into prescribe_tratamiento (prescribe_tratamiento_id, indicaciones, tratamiento_id) values (37, 'Cls reduc-sep epiphy NOSCls reduc-sep epiphy NOS', 37);
insert into prescribe_tratamiento (prescribe_tratamiento_id, indicaciones, tratamiento_id) values (38, 'Vaginal constructionVaginal construction', 38);
insert into prescribe_tratamiento (prescribe_tratamiento_id, indicaciones, tratamiento_id) values (39, 'Bilateral vulvectomyBilateral vulvectomy', 39);
insert into prescribe_tratamiento (prescribe_tratamiento_id, indicaciones, tratamiento_id) values (40, 'Culture-peritoneumCulture-peritoneum', 40);
insert into prescribe_tratamiento (prescribe_tratamiento_id, indicaciones, tratamiento_id) values (41, 'Ocular motility studyOcular motility study', 41);
insert into prescribe_tratamiento (prescribe_tratamiento_id, indicaciones, tratamiento_id) values (42, '1 extraoc muscl advance1 extraoc muscl advance', 42);
insert into prescribe_tratamiento (prescribe_tratamiento_id, indicaciones, tratamiento_id) values (43, 'Nonmag remov ant seg FBNonmag remov ant seg FB', 43);
insert into prescribe_tratamiento (prescribe_tratamiento_id, indicaciones, tratamiento_id) values (44, 'Insert removable bridgeInsert removable bridge', 44);
insert into prescribe_tratamiento (prescribe_tratamiento_id, indicaciones, tratamiento_id) values (45, 'Oth unilat oophorectomyOth unilat oophorectomy', 45);
insert into prescribe_tratamiento (prescribe_tratamiento_id, indicaciones, tratamiento_id) values (46, 'Remov skel musc stimulatRemov skel musc stimulat', 46);
insert into prescribe_tratamiento (prescribe_tratamiento_id, indicaciones, tratamiento_id) values (47, 'Educational therapyEducational therapy', 47);
insert into prescribe_tratamiento (prescribe_tratamiento_id, indicaciones, tratamiento_id) values (48, 'Abltn liver les/tiss NECAbltn liver les/tiss NEC', 48);
insert into prescribe_tratamiento (prescribe_tratamiento_id, indicaciones, tratamiento_id) values (49, 'Prostatectomy NECProstatectomy NEC', 49);
insert into prescribe_tratamiento (prescribe_tratamiento_id, indicaciones, tratamiento_id) values (50, 'Suture diaphragm laceratSuture diaphragm lacerat', 50);
insert into prescribe_tratamiento (prescribe_tratamiento_id, indicaciones, tratamiento_id) values (51, 'Parathyroid scanParathyroid scan', 51);
insert into prescribe_tratamiento (prescribe_tratamiento_id, indicaciones, tratamiento_id) values (52, 'Excision of elbow NECExcision of elbow NEC', 52);
insert into prescribe_tratamiento (prescribe_tratamiento_id, indicaciones, tratamiento_id) values (53, 'Proc-vessel bifurcationProc-vessel bifurcation', 53);
insert into prescribe_tratamiento (prescribe_tratamiento_id, indicaciones, tratamiento_id) values (54, 'Thoracic endarterectomyThoracic endarterectomy', 54);
insert into prescribe_tratamiento (prescribe_tratamiento_id, indicaciones, tratamiento_id) values (55, 'Dilation of rectumDilation of rectum', 55);
insert into prescribe_tratamiento (prescribe_tratamiento_id, indicaciones, tratamiento_id) values (56, 'Revis bile tract anastomRevis bile tract anastom', 56);
insert into prescribe_tratamiento (prescribe_tratamiento_id, indicaciones, tratamiento_id) values (57, 'Therapeutc leukopheresisTherapeutc leukopheresis', 57);
insert into prescribe_tratamiento (prescribe_tratamiento_id, indicaciones, tratamiento_id) values (58, 'Unil femor hern rep NECUnil femor hern rep NEC', 58);
insert into prescribe_tratamiento (prescribe_tratamiento_id, indicaciones, tratamiento_id) values (59, 'Osteoclasis-patellaOsteoclasis-patella', 59);
insert into prescribe_tratamiento (prescribe_tratamiento_id, indicaciones, tratamiento_id) values (60, 'Ligate thoracic ductLigate thoracic duct', 60);
insert into prescribe_tratamiento (prescribe_tratamiento_id, indicaciones, tratamiento_id) values (61, 'Close diaphragm fistulaClose diaphragm fistula', 61);
insert into prescribe_tratamiento (prescribe_tratamiento_id, indicaciones, tratamiento_id) values (62, 'Oth lap dx proc ovariesOth lap dx proc ovaries', 62);
insert into prescribe_tratamiento (prescribe_tratamiento_id, indicaciones, tratamiento_id) values (63, 'Osteoclasis-metatar/tarOsteoclasis-metatar/tar', 63);
insert into prescribe_tratamiento (prescribe_tratamiento_id, indicaciones, tratamiento_id) values (64, 'Antitoxin administra NECAntitoxin administra NEC', 64);
insert into prescribe_tratamiento (prescribe_tratamiento_id, indicaciones, tratamiento_id) values (65, 'Other fasciectomyOther fasciectomy', 65);
insert into prescribe_tratamiento (prescribe_tratamiento_id, indicaciones, tratamiento_id) values (66, 'Forearm/wrist/hand reattForearm/wrist/hand reatt', 66);
insert into prescribe_tratamiento (prescribe_tratamiento_id, indicaciones, tratamiento_id) values (67, 'Vaginal repair NECVaginal repair NEC', 67);
insert into prescribe_tratamiento (prescribe_tratamiento_id, indicaciones, tratamiento_id) values (68, 'Ovarian operation NECOvarian operation NEC', 68);
insert into prescribe_tratamiento (prescribe_tratamiento_id, indicaciones, tratamiento_id) values (69, 'Transab sm bowel endoscTransab sm bowel endosc', 69);
insert into prescribe_tratamiento (prescribe_tratamiento_id, indicaciones, tratamiento_id) values (70, 'Delayed clos abd woundDelayed clos abd wound', 70);
insert into prescribe_tratamiento (prescribe_tratamiento_id, indicaciones, tratamiento_id) values (71, 'Bile duct incision NECBile duct incision NEC', 71);
insert into prescribe_tratamiento (prescribe_tratamiento_id, indicaciones, tratamiento_id) values (72, 'CyclodialysisCyclodialysis', 72);
insert into prescribe_tratamiento (prescribe_tratamiento_id, indicaciones, tratamiento_id) values (73, 'Parasitology NOSParasitology NOS', 73);
insert into prescribe_tratamiento (prescribe_tratamiento_id, indicaciones, tratamiento_id) values (74, 'Remov fallop tube prosthRemov fallop tube prosth', 74);
insert into prescribe_tratamiento (prescribe_tratamiento_id, indicaciones, tratamiento_id) values (75, 'Intracereb cth-burr holeIntracereb cth-burr hole', 75);
insert into prescribe_tratamiento (prescribe_tratamiento_id, indicaciones, tratamiento_id) values (76, 'Insert/replace EVDInsert/replace EVD', 76);
insert into prescribe_tratamiento (prescribe_tratamiento_id, indicaciones, tratamiento_id) values (77, 'Oth intraop mag res imagOth intraop mag res imag', 77);
insert into prescribe_tratamiento (prescribe_tratamiento_id, indicaciones, tratamiento_id) values (78, 'Diagnostic amniocentesisDiagnostic amniocentesis', 78);
insert into prescribe_tratamiento (prescribe_tratamiento_id, indicaciones, tratamiento_id) values (79, 'Ins spin disc pros thorIns spin disc pros thor', 79);
insert into prescribe_tratamiento (prescribe_tratamiento_id, indicaciones, tratamiento_id) values (80, 'Brain meninge repair NECBrain meninge repair NEC', 80);
insert into prescribe_tratamiento (prescribe_tratamiento_id, indicaciones, tratamiento_id) values (81, 'Bilat endosc crush tubeBilat endosc crush tube', 81);
insert into prescribe_tratamiento (prescribe_tratamiento_id, indicaciones, tratamiento_id) values (82, 'Culture-nervous systCulture-nervous syst', 82);
insert into prescribe_tratamiento (prescribe_tratamiento_id, indicaciones, tratamiento_id) values (83, 'Culture-peritoneumCulture-peritoneum', 83);
insert into prescribe_tratamiento (prescribe_tratamiento_id, indicaciones, tratamiento_id) values (84, 'Destruction lid lesionDestruction lid lesion', 84);
insert into prescribe_tratamiento (prescribe_tratamiento_id, indicaciones, tratamiento_id) values (85, 'Ther ultrasound of heartTher ultrasound of heart', 85);
insert into prescribe_tratamiento (prescribe_tratamiento_id, indicaciones, tratamiento_id) values (86, 'C & s-eyeC & s-eye', 86);
insert into prescribe_tratamiento (prescribe_tratamiento_id, indicaciones, tratamiento_id) values (87, 'Upper lid rhytidectomyUpper lid rhytidectomy', 87);
insert into prescribe_tratamiento (prescribe_tratamiento_id, indicaciones, tratamiento_id) values (88, 'Micro exam-periton NECMicro exam-periton NEC', 88);
insert into prescribe_tratamiento (prescribe_tratamiento_id, indicaciones, tratamiento_id) values (89, 'Trabeculectom ab externoTrabeculectom ab externo', 89);
insert into prescribe_tratamiento (prescribe_tratamiento_id, indicaciones, tratamiento_id) values (90, 'Ot cerv fusion post/postOt cerv fusion post/post', 90);
insert into prescribe_tratamiento (prescribe_tratamiento_id, indicaciones, tratamiento_id) values (91, 'Periph nerv excision NECPeriph nerv excision NEC', 91);
insert into prescribe_tratamiento (prescribe_tratamiento_id, indicaciones, tratamiento_id) values (92, 'Sinus aspirat/lavage NOSSinus aspirat/lavage NOS', 92);
insert into prescribe_tratamiento (prescribe_tratamiento_id, indicaciones, tratamiento_id) values (93, 'Dental restoration NECDental restoration NEC', 93);
insert into prescribe_tratamiento (prescribe_tratamiento_id, indicaciones, tratamiento_id) values (94, 'Distal gastrectomyDistal gastrectomy', 94);
insert into prescribe_tratamiento (prescribe_tratamiento_id, indicaciones, tratamiento_id) values (95, 'Metatarsal/tarsal biopsyMetatarsal/tarsal biopsy', 95);
insert into prescribe_tratamiento (prescribe_tratamiento_id, indicaciones, tratamiento_id) values (96, 'Rad dissect iliac nodesRad dissect iliac nodes', 96);
insert into prescribe_tratamiento (prescribe_tratamiento_id, indicaciones, tratamiento_id) values (97, 'Angiocardiography NOSAngiocardiography NOS', 97);
insert into prescribe_tratamiento (prescribe_tratamiento_id, indicaciones, tratamiento_id) values (98, 'Measles vaccinationMeasles vaccination', 98);
insert into prescribe_tratamiento (prescribe_tratamiento_id, indicaciones, tratamiento_id) values (99, 'Reimplan aberr renal vesReimplan aberr renal ves', 99);
insert into prescribe_tratamiento (prescribe_tratamiento_id, indicaciones, tratamiento_id) values (100, 'Upper lid rhytidectomyUpper lid rhytidectomy', 100);
-----------------------------------------------------------
--------------------TABLA MEDICAMENTO
-----------------------------------------------------------
insert into medicamento (medicamento_id , prescribe_tratamiento_id, nombre_med, precio_med) values (1, 1, 'Lidocaine HCl - Hydrocortisone Acetate', 1902);
insert into medicamento (medicamento_id , prescribe_tratamiento_id, nombre_med, precio_med) values (2, 2, 'allergy relief', 635);
insert into medicamento (medicamento_id , prescribe_tratamiento_id, nombre_med, precio_med) values (3, 3, 'Diclofenac Sodium', 571);
insert into medicamento (medicamento_id , prescribe_tratamiento_id, nombre_med, precio_med) values (4, 4, 'Ampicillin and Sulbactam', 1644);
insert into medicamento (medicamento_id , prescribe_tratamiento_id, nombre_med, precio_med) values (5, 5, 'Nitrogen', 618);
insert into medicamento (medicamento_id , prescribe_tratamiento_id, nombre_med, precio_med) values (6, 6, 'Crest Pro-Health', 1426);
insert into medicamento (medicamento_id , prescribe_tratamiento_id, nombre_med, precio_med) values (7, 7, 'Sciatic Rescue', 1325);
insert into medicamento (medicamento_id , prescribe_tratamiento_id, nombre_med, precio_med) values (8, 8, 'healthy mama', 532);
insert into medicamento (medicamento_id , prescribe_tratamiento_id, nombre_med, precio_med) values (9, 9, 'Rouge Dior 760 Raspberry Serum', 1455);
insert into medicamento (medicamento_id , prescribe_tratamiento_id, nombre_med, precio_med) values (10, 10, 'Covergirl Queen Collection All Day Flawless 3in1 Foundation', 2401);
insert into medicamento (medicamento_id , prescribe_tratamiento_id, nombre_med, precio_med) values (11, 11, 'Captopril', 1992);
insert into medicamento (medicamento_id , prescribe_tratamiento_id, nombre_med, precio_med) values (12, 12, 'Tri-Vitamin with Fluoride', 2035);
insert into medicamento (medicamento_id , prescribe_tratamiento_id, nombre_med, precio_med) values (13, 13, 'Lemon Zest Antibacterial Foaming Hand Wash', 1660);
insert into medicamento (medicamento_id , prescribe_tratamiento_id, nombre_med, precio_med) values (14, 14, 'Glipizide', 1429);
insert into medicamento (medicamento_id , prescribe_tratamiento_id, nombre_med, precio_med) values (15, 15, 'Lexapro', 2546);
insert into medicamento (medicamento_id , prescribe_tratamiento_id, nombre_med, precio_med) values (16, 16, 'Umecta PD', 2685);
insert into medicamento (medicamento_id , prescribe_tratamiento_id, nombre_med, precio_med) values (17, 17, 'IFEREX 150', 1426);
insert into medicamento (medicamento_id , prescribe_tratamiento_id, nombre_med, precio_med) values (18, 18, 'Icy Hot', 669);
insert into medicamento (medicamento_id , prescribe_tratamiento_id, nombre_med, precio_med) values (19, 19, 'ARRID EXTRA EXTRA DRY XX', 1443);
insert into medicamento (medicamento_id , prescribe_tratamiento_id, nombre_med, precio_med) values (20, 20, 'Vichy Laboratoires LiftActiv Retinol HA', 2513);
insert into medicamento (medicamento_id , prescribe_tratamiento_id, nombre_med, precio_med) values (21, 21, 'Speed Stick Gear Cool Motion Antiperspirant Deodorant', 2240);
insert into medicamento (medicamento_id , prescribe_tratamiento_id, nombre_med, precio_med) values (22, 22, 'risperidone', 1259);
insert into medicamento (medicamento_id , prescribe_tratamiento_id, nombre_med, precio_med) values (23, 23, 'Pamine', 297);
insert into medicamento (medicamento_id , prescribe_tratamiento_id, nombre_med, precio_med) values (24, 24, 'Sephora Super Lisseur Rides SPF 15 Age Defy Moisture', 539);
insert into medicamento (medicamento_id , prescribe_tratamiento_id, nombre_med, precio_med) values (25, 25, 'CELL BOOSTING BB', 1051);
insert into medicamento (medicamento_id , prescribe_tratamiento_id, nombre_med, precio_med) values (26, 26, 'biokera', 2693);
insert into medicamento (medicamento_id , prescribe_tratamiento_id, nombre_med, precio_med) values (27, 27, 'Helium', 732);
insert into medicamento (medicamento_id , prescribe_tratamiento_id, nombre_med, precio_med) values (28, 28, 'QUERCUS ALBA POLLEN', 1886);
insert into medicamento (medicamento_id , prescribe_tratamiento_id, nombre_med, precio_med) values (29, 29, 'Cultivated Oat', 1118);
insert into medicamento (medicamento_id , prescribe_tratamiento_id, nombre_med, precio_med) values (30, 30, 'Levetiracetam', 1574);
insert into medicamento (medicamento_id , prescribe_tratamiento_id, nombre_med, precio_med) values (31, 31, 'Perfect Choice', 1588);
insert into medicamento (medicamento_id , prescribe_tratamiento_id, nombre_med, precio_med) values (32, 32, 'skin elements liquid veil foundation broad spectrum SPF 25', 2167);
insert into medicamento (medicamento_id , prescribe_tratamiento_id, nombre_med, precio_med) values (33, 33, 'Naturasil', 1925);
insert into medicamento (medicamento_id , prescribe_tratamiento_id, nombre_med, precio_med) values (34, 34, 'Maracuja Miracle Foundation 12-Hour Foundation Broad Spectrum SPF 15 Sunscreen', 246);
insert into medicamento (medicamento_id , prescribe_tratamiento_id, nombre_med, precio_med) values (35, 35, 'Pneumotox', 1305);
insert into medicamento (medicamento_id , prescribe_tratamiento_id, nombre_med, precio_med) values (36, 36, 'Degree', 249);
insert into medicamento (medicamento_id , prescribe_tratamiento_id, nombre_med, precio_med) values (37, 37, 'Fusarium', 1023);
insert into medicamento (medicamento_id , prescribe_tratamiento_id, nombre_med, precio_med) values (38, 38, 'Propafenone Hydrochloride', 363);
insert into medicamento (medicamento_id , prescribe_tratamiento_id, nombre_med, precio_med) values (39, 39, 'XtraCare Instant Hand Sanitizer', 2192);
insert into medicamento (medicamento_id , prescribe_tratamiento_id, nombre_med, precio_med) values (40, 40, 'Citalopram Hydrobromide', 1755);
insert into medicamento (medicamento_id , prescribe_tratamiento_id, nombre_med, precio_med) values (41, 41, 'Poverty Weed', 651);
insert into medicamento (medicamento_id , prescribe_tratamiento_id, nombre_med, precio_med) values (42, 42, 'Face Saver Gel', 1315);
insert into medicamento (medicamento_id , prescribe_tratamiento_id, nombre_med, precio_med) values (43, 43, 'Azithromycin Dihydrate', 720);
insert into medicamento (medicamento_id , prescribe_tratamiento_id, nombre_med, precio_med) values (44, 44, 'Etomidate', 2273);
insert into medicamento (medicamento_id , prescribe_tratamiento_id, nombre_med, precio_med) values (45, 45, 'Olive Oil and Lemon Antibacterial Foaming Hand Wash', 2069);
insert into medicamento (medicamento_id , prescribe_tratamiento_id, nombre_med, precio_med) values (46, 46, 'Primidone', 2854);
insert into medicamento (medicamento_id , prescribe_tratamiento_id, nombre_med, precio_med) values (47, 47, 'Pollens - Trees, Russian Olive Elaeagnus angustifolia', 2342);
insert into medicamento (medicamento_id , prescribe_tratamiento_id, nombre_med, precio_med) values (48, 48, 'Diclofenac Sodium', 1035);
insert into medicamento (medicamento_id , prescribe_tratamiento_id, nombre_med, precio_med) values (49, 49, 'Allergy Eye Relief', 1832);
insert into medicamento (medicamento_id , prescribe_tratamiento_id, nombre_med, precio_med) values (50, 50, 'Risperidone', 2358);
insert into medicamento (medicamento_id , prescribe_tratamiento_id, nombre_med, precio_med) values (51, 51, 'Hydrocodone Bitartate and Acetaminophen', 1527);
insert into medicamento (medicamento_id , prescribe_tratamiento_id, nombre_med, precio_med) values (52, 52, 'Cladribine', 2379);
insert into medicamento (medicamento_id , prescribe_tratamiento_id, nombre_med, precio_med) values (53, 53, 'Being Well Body', 615);
insert into medicamento (medicamento_id , prescribe_tratamiento_id, nombre_med, precio_med) values (54, 54, 'Treatment Set TS331153', 358);
insert into medicamento (medicamento_id , prescribe_tratamiento_id, nombre_med, precio_med) values (55, 55, 'Cepacol', 2832);
insert into medicamento (medicamento_id , prescribe_tratamiento_id, nombre_med, precio_med) values (56, 56, 'Atorvastatin Calcium', 2596);
insert into medicamento (medicamento_id , prescribe_tratamiento_id, nombre_med, precio_med) values (57, 57, 'Timolol Maleate', 2767);
insert into medicamento (medicamento_id , prescribe_tratamiento_id, nombre_med, precio_med) values (58, 58, 'Doxycycline Hyclate', 2319);
insert into medicamento (medicamento_id , prescribe_tratamiento_id, nombre_med, precio_med) values (59, 59, 'Koh Gen Do Maifanshi Triple Lighting Foundation', 1488);
insert into medicamento (medicamento_id , prescribe_tratamiento_id, nombre_med, precio_med) values (60, 60, 'Sal-Plant Gel', 1787);
insert into medicamento (medicamento_id , prescribe_tratamiento_id, nombre_med, precio_med) values (61, 61, 'ASTHMA RESPIRATORY CARE', 574);
insert into medicamento (medicamento_id , prescribe_tratamiento_id, nombre_med, precio_med) values (62, 62, 'Cantaloupe', 1904);
insert into medicamento (medicamento_id , prescribe_tratamiento_id, nombre_med, precio_med) values (63, 63, 'Citalopram', 1160);
insert into medicamento (medicamento_id , prescribe_tratamiento_id, nombre_med, precio_med) values (64, 64, 'Acyclovir', 1650);
insert into medicamento (medicamento_id , prescribe_tratamiento_id, nombre_med, precio_med) values (65, 65, 'Benztropine Mesylate', 571);
insert into medicamento (medicamento_id , prescribe_tratamiento_id, nombre_med, precio_med) values (66, 66, 'Locoid', 1336);
insert into medicamento (medicamento_id , prescribe_tratamiento_id, nombre_med, precio_med) values (67, 67, 'Metoprolol Tartrate', 1337);
insert into medicamento (medicamento_id , prescribe_tratamiento_id, nombre_med, precio_med) values (68, 68, 'Oxazepam', 2151);
insert into medicamento (medicamento_id , prescribe_tratamiento_id, nombre_med, precio_med) values (69, 69, 'Treatment Set TS332626', 1122);
insert into medicamento (medicamento_id , prescribe_tratamiento_id, nombre_med, precio_med) values (70, 70, 'ShopRite Gas Relief', 984);
insert into medicamento (medicamento_id , prescribe_tratamiento_id, nombre_med, precio_med) values (71, 71, 'Sheffield Triple Antibiotic', 1813);
insert into medicamento (medicamento_id , prescribe_tratamiento_id, nombre_med, precio_med) values (72, 72, 'Oxygen', 1757);
insert into medicamento (medicamento_id , prescribe_tratamiento_id, nombre_med, precio_med) values (73, 73, 'SPF-45 SUNSCREEN', 2564);
insert into medicamento (medicamento_id , prescribe_tratamiento_id, nombre_med, precio_med) values (74, 74, 'equaline allergy', 618);
insert into medicamento (medicamento_id , prescribe_tratamiento_id, nombre_med, precio_med) values (75, 75, 'NARS PURE RADIANT TINTED MOISTURIZER', 1903);
insert into medicamento (medicamento_id , prescribe_tratamiento_id, nombre_med, precio_med) values (76, 76, 'EltaMD UV Sport', 1220);
insert into medicamento (medicamento_id , prescribe_tratamiento_id, nombre_med, precio_med) values (77, 77, 'Jafra', 449);
insert into medicamento (medicamento_id , prescribe_tratamiento_id, nombre_med, precio_med) values (78, 78, 'LANEIGE MYSTIC VEIL FOUNDATION', 2521);
insert into medicamento (medicamento_id , prescribe_tratamiento_id, nombre_med, precio_med) values (79, 79, 'WINTER BLEND', 2711);
insert into medicamento (medicamento_id , prescribe_tratamiento_id, nombre_med, precio_med) values (80, 80, 'Simvastatin', 1223);
insert into medicamento (medicamento_id , prescribe_tratamiento_id, nombre_med, precio_med) values (81, 81, 'LBEL MAXIMUM COMFORT AND LONG-LASTING FOUNDATION SPF 10', 2142);
insert into medicamento (medicamento_id , prescribe_tratamiento_id, nombre_med, precio_med) values (82, 82, 'Mometasone Furoate', 1417);
insert into medicamento (medicamento_id , prescribe_tratamiento_id, nombre_med, precio_med) values (83, 83, 'Biofreeze', 1979);
insert into medicamento (medicamento_id , prescribe_tratamiento_id, nombre_med, precio_med) values (84, 84, 'Mercurius Solubilis', 2433);
insert into medicamento (medicamento_id , prescribe_tratamiento_id, nombre_med, precio_med) values (85, 85, 'Childrens Appetite Weight', 760);
insert into medicamento (medicamento_id , prescribe_tratamiento_id, nombre_med, precio_med) values (86, 86, 'TMC-A Anti Hairloss', 1690);
insert into medicamento (medicamento_id , prescribe_tratamiento_id, nombre_med, precio_med) values (87, 87, 'Arnicare', 1216);
insert into medicamento (medicamento_id , prescribe_tratamiento_id, nombre_med, precio_med) values (88, 88, 'Propranolol Hydrochloride', 408);
insert into medicamento (medicamento_id , prescribe_tratamiento_id, nombre_med, precio_med) values (89, 89, 'Magnesium Oxide', 1825);
insert into medicamento (medicamento_id , prescribe_tratamiento_id, nombre_med, precio_med) values (90, 90, 'Cymbalta', 1039);
insert into medicamento (medicamento_id , prescribe_tratamiento_id, nombre_med, precio_med) values (91, 91, 'SUPRAX', 291);
insert into medicamento (medicamento_id , prescribe_tratamiento_id, nombre_med, precio_med) values (92, 92, 'BOBBI BROWN EXTRA', 251);
insert into medicamento (medicamento_id , prescribe_tratamiento_id, nombre_med, precio_med) values (93, 93, 'SENSODYNE', 1098);
insert into medicamento (medicamento_id , prescribe_tratamiento_id, nombre_med, precio_med) values (94, 94, 'CPD/ADSOL', 1075);
insert into medicamento (medicamento_id , prescribe_tratamiento_id, nombre_med, precio_med) values (95, 95, 'pain relief', 651);
insert into medicamento (medicamento_id , prescribe_tratamiento_id, nombre_med, precio_med) values (96, 96, 'Chigarid', 2668);
insert into medicamento (medicamento_id , prescribe_tratamiento_id, nombre_med, precio_med) values (97, 97, 'Cafe Mocha Always Stay-on Makeup Broad Spectrum SPF 15', 2139);
insert into medicamento (medicamento_id , prescribe_tratamiento_id, nombre_med, precio_med) values (98, 98, 'Accupril', 2390);
insert into medicamento (medicamento_id , prescribe_tratamiento_id, nombre_med, precio_med) values (99, 99, 'Lamivudine', 605);
insert into medicamento (medicamento_id , prescribe_tratamiento_id, nombre_med, precio_med) values (100, 100, 'Amlodipine besylate and Atorvastatin calcium', 1333);
-----------------------------------------------------------
-------------------TABLA CUENTA
-----------------------------------------------------------
insert into cuenta (numero_cuenta_id , num_pagos, frecuencia, total) values (1, 4, 25, 2886);
insert into cuenta (numero_cuenta_id , num_pagos, frecuencia, total) values (2, 2, 1, 1639);
insert into cuenta (numero_cuenta_id , num_pagos, frecuencia, total) values (3, 4, 26, 2688);
insert into cuenta (numero_cuenta_id , num_pagos, frecuencia, total) values (4, 1, 47, 999);
insert into cuenta (numero_cuenta_id , num_pagos, frecuencia, total) values (5, 1, 5, 1562);
insert into cuenta (numero_cuenta_id , num_pagos, frecuencia, total) values (6, 5, 20, 2731);
insert into cuenta (numero_cuenta_id , num_pagos, frecuencia, total) values (7, 5, 24, 676);
insert into cuenta (numero_cuenta_id , num_pagos, frecuencia, total) values (8, 5, 9, 2423);
insert into cuenta (numero_cuenta_id , num_pagos, frecuencia, total) values (9, 3, 10, 1917);
insert into cuenta (numero_cuenta_id , num_pagos, frecuencia, total) values (10, 5, 32, 2451);
insert into cuenta (numero_cuenta_id , num_pagos, frecuencia, total) values (11, 1, 22, 1890);
insert into cuenta (numero_cuenta_id , num_pagos, frecuencia, total) values (12, 1, 16, 1170);
insert into cuenta (numero_cuenta_id , num_pagos, frecuencia, total) values (13, 4, 18, 1880);
insert into cuenta (numero_cuenta_id , num_pagos, frecuencia, total) values (14, 4, 44, 1939);
insert into cuenta (numero_cuenta_id , num_pagos, frecuencia, total) values (15, 4, 45, 835);
insert into cuenta (numero_cuenta_id , num_pagos, frecuencia, total) values (16, 5, 28, 1185);
insert into cuenta (numero_cuenta_id , num_pagos, frecuencia, total) values (17, 2, 16, 697);
insert into cuenta (numero_cuenta_id , num_pagos, frecuencia, total) values (18, 2, 25, 1051);
insert into cuenta (numero_cuenta_id , num_pagos, frecuencia, total) values (19, 3, 31, 646);
insert into cuenta (numero_cuenta_id , num_pagos, frecuencia, total) values (20, 3, 40, 2809);
insert into cuenta (numero_cuenta_id , num_pagos, frecuencia, total) values (21, 4, 13, 2870);
insert into cuenta (numero_cuenta_id , num_pagos, frecuencia, total) values (22, 3, 17, 2863);
insert into cuenta (numero_cuenta_id , num_pagos, frecuencia, total) values (23, 4, 12, 2505);
insert into cuenta (numero_cuenta_id , num_pagos, frecuencia, total) values (24, 1, 10, 2230);
insert into cuenta (numero_cuenta_id , num_pagos, frecuencia, total) values (25, 2, 40, 296);
insert into cuenta (numero_cuenta_id , num_pagos, frecuencia, total) values (26, 3, 4, 430);
insert into cuenta (numero_cuenta_id , num_pagos, frecuencia, total) values (27, 1, 32, 2083);
insert into cuenta (numero_cuenta_id , num_pagos, frecuencia, total) values (28, 5, 47, 2685);
insert into cuenta (numero_cuenta_id , num_pagos, frecuencia, total) values (29, 5, 4, 2165);
insert into cuenta (numero_cuenta_id , num_pagos, frecuencia, total) values (30, 3, 6, 1613);
insert into cuenta (numero_cuenta_id , num_pagos, frecuencia, total) values (31, 4, 22, 1914);
insert into cuenta (numero_cuenta_id , num_pagos, frecuencia, total) values (32, 5, 18, 879);
insert into cuenta (numero_cuenta_id , num_pagos, frecuencia, total) values (33, 4, 10, 1595);
insert into cuenta (numero_cuenta_id , num_pagos, frecuencia, total) values (34, 3, 41, 1326);
insert into cuenta (numero_cuenta_id , num_pagos, frecuencia, total) values (35, 4, 24, 2017);
insert into cuenta (numero_cuenta_id , num_pagos, frecuencia, total) values (36, 5, 13, 2271);
insert into cuenta (numero_cuenta_id , num_pagos, frecuencia, total) values (37, 3, 11, 1407);
insert into cuenta (numero_cuenta_id , num_pagos, frecuencia, total) values (38, 3, 48, 1728);
insert into cuenta (numero_cuenta_id , num_pagos, frecuencia, total) values (39, 4, 16, 1953);
insert into cuenta (numero_cuenta_id , num_pagos, frecuencia, total) values (40, 2, 47, 1228);
insert into cuenta (numero_cuenta_id , num_pagos, frecuencia, total) values (41, 5, 46, 1522);
insert into cuenta (numero_cuenta_id , num_pagos, frecuencia, total) values (42, 2, 10, 570);
insert into cuenta (numero_cuenta_id , num_pagos, frecuencia, total) values (43, 1, 9, 2841);
insert into cuenta (numero_cuenta_id , num_pagos, frecuencia, total) values (44, 5, 9, 2363);
insert into cuenta (numero_cuenta_id , num_pagos, frecuencia, total) values (45, 5, 1, 1004);
insert into cuenta (numero_cuenta_id , num_pagos, frecuencia, total) values (46, 1, 29, 1811);
insert into cuenta (numero_cuenta_id , num_pagos, frecuencia, total) values (47, 5, 23, 2204);
insert into cuenta (numero_cuenta_id , num_pagos, frecuencia, total) values (48, 2, 40, 533);
insert into cuenta (numero_cuenta_id , num_pagos, frecuencia, total) values (49, 5, 14, 1526);
insert into cuenta (numero_cuenta_id , num_pagos, frecuencia, total) values (50, 1, 5, 2842);
insert into cuenta (numero_cuenta_id , num_pagos, frecuencia, total) values (51, 3, 8, 1766);
insert into cuenta (numero_cuenta_id , num_pagos, frecuencia, total) values (52, 5, 11, 1843);
insert into cuenta (numero_cuenta_id , num_pagos, frecuencia, total) values (53, 4, 9, 1492);
insert into cuenta (numero_cuenta_id , num_pagos, frecuencia, total) values (54, 3, 32, 847);
insert into cuenta (numero_cuenta_id , num_pagos, frecuencia, total) values (55, 2, 16, 1190);
insert into cuenta (numero_cuenta_id , num_pagos, frecuencia, total) values (56, 1, 38, 535);
insert into cuenta (numero_cuenta_id , num_pagos, frecuencia, total) values (57, 3, 17, 2074);
insert into cuenta (numero_cuenta_id , num_pagos, frecuencia, total) values (58, 5, 35, 2491);
insert into cuenta (numero_cuenta_id , num_pagos, frecuencia, total) values (59, 1, 18, 2261);
insert into cuenta (numero_cuenta_id , num_pagos, frecuencia, total) values (60, 1, 23, 606);
insert into cuenta (numero_cuenta_id , num_pagos, frecuencia, total) values (61, 5, 38, 1597);
insert into cuenta (numero_cuenta_id , num_pagos, frecuencia, total) values (62, 2, 15, 2004);
insert into cuenta (numero_cuenta_id , num_pagos, frecuencia, total) values (63, 3, 18, 2988);
insert into cuenta (numero_cuenta_id , num_pagos, frecuencia, total) values (64, 4, 35, 367);
insert into cuenta (numero_cuenta_id , num_pagos, frecuencia, total) values (65, 1, 48, 470);
insert into cuenta (numero_cuenta_id , num_pagos, frecuencia, total) values (66, 3, 28, 2538);
insert into cuenta (numero_cuenta_id , num_pagos, frecuencia, total) values (67, 1, 13, 796);
insert into cuenta (numero_cuenta_id , num_pagos, frecuencia, total) values (68, 2, 20, 1216);
insert into cuenta (numero_cuenta_id , num_pagos, frecuencia, total) values (69, 4, 41, 2549);
insert into cuenta (numero_cuenta_id , num_pagos, frecuencia, total) values (70, 3, 44, 2715);
insert into cuenta (numero_cuenta_id , num_pagos, frecuencia, total) values (71, 2, 25, 751);
insert into cuenta (numero_cuenta_id , num_pagos, frecuencia, total) values (72, 3, 9, 2012);
insert into cuenta (numero_cuenta_id , num_pagos, frecuencia, total) values (73, 2, 48, 1784);
insert into cuenta (numero_cuenta_id , num_pagos, frecuencia, total) values (74, 4, 34, 2444);
insert into cuenta (numero_cuenta_id , num_pagos, frecuencia, total) values (75, 4, 45, 1684);
insert into cuenta (numero_cuenta_id , num_pagos, frecuencia, total) values (76, 3, 17, 517);
insert into cuenta (numero_cuenta_id , num_pagos, frecuencia, total) values (77, 2, 17, 748);
insert into cuenta (numero_cuenta_id , num_pagos, frecuencia, total) values (78, 3, 43, 2223);
insert into cuenta (numero_cuenta_id , num_pagos, frecuencia, total) values (79, 4, 39, 1839);
insert into cuenta (numero_cuenta_id , num_pagos, frecuencia, total) values (80, 1, 30, 2553);
insert into cuenta (numero_cuenta_id , num_pagos, frecuencia, total) values (81, 1, 26, 1794);
insert into cuenta (numero_cuenta_id , num_pagos, frecuencia, total) values (82, 5, 6, 2954);
insert into cuenta (numero_cuenta_id , num_pagos, frecuencia, total) values (83, 2, 26, 1900);
insert into cuenta (numero_cuenta_id , num_pagos, frecuencia, total) values (84, 2, 50, 664);
insert into cuenta (numero_cuenta_id , num_pagos, frecuencia, total) values (85, 4, 27, 2809);
insert into cuenta (numero_cuenta_id , num_pagos, frecuencia, total) values (86, 3, 27, 1848);
insert into cuenta (numero_cuenta_id , num_pagos, frecuencia, total) values (87, 4, 18, 905);
insert into cuenta (numero_cuenta_id , num_pagos, frecuencia, total) values (88, 3, 19, 1099);
insert into cuenta (numero_cuenta_id , num_pagos, frecuencia, total) values (89, 2, 46, 314);
insert into cuenta (numero_cuenta_id , num_pagos, frecuencia, total) values (90, 3, 34, 1461);
insert into cuenta (numero_cuenta_id , num_pagos, frecuencia, total) values (91, 2, 3, 397);
insert into cuenta (numero_cuenta_id , num_pagos, frecuencia, total) values (92, 1, 36, 1624);
insert into cuenta (numero_cuenta_id , num_pagos, frecuencia, total) values (93, 2, 12, 934);
insert into cuenta (numero_cuenta_id , num_pagos, frecuencia, total) values (94, 3, 37, 492);
insert into cuenta (numero_cuenta_id , num_pagos, frecuencia, total) values (95, 5, 17, 201);
insert into cuenta (numero_cuenta_id , num_pagos, frecuencia, total) values (96, 1, 35, 1865);
insert into cuenta (numero_cuenta_id , num_pagos, frecuencia, total) values (97, 1, 24, 1991);
insert into cuenta (numero_cuenta_id , num_pagos, frecuencia, total) values (98, 2, 38, 1489);
insert into cuenta (numero_cuenta_id , num_pagos, frecuencia, total) values (99, 1, 41, 2946);
insert into cuenta (numero_cuenta_id , num_pagos, frecuencia, total) values (100, 1, 12, 1195);
-----------------------------------------------------------
-------------------TABLA HOSPITALIZACION
-----------------------------------------------------------
insert into hospitalizacion (servicio_id, fecha_ingreso, fecha_alta, costo_hosp, diagnostico_hosp, numero_cuenta_id, tratamiento_id) values (199, '5/JAN/2019', '4/FEB/2019', 1236, 'Unsat cerv cytlogy smear', 1, 1);
insert into hospitalizacion (servicio_id, fecha_ingreso, fecha_alta, costo_hosp, diagnostico_hosp, numero_cuenta_id, tratamiento_id) values (202, '5/FEB/2019', '6/MAR/2019', 1073, 'Facial nerve dis NEC', 2, 2);
insert into hospitalizacion (servicio_id, fecha_ingreso, fecha_alta, costo_hosp, diagnostico_hosp, numero_cuenta_id, tratamiento_id) values (203, '12/MAR/2019', '8/JUL/2019', 1386, 'Congenital hydrocephalus', 3, 3);
insert into hospitalizacion (servicio_id, fecha_ingreso, fecha_alta, costo_hosp, diagnostico_hosp, numero_cuenta_id, tratamiento_id) values (204, '3/APR/2019', '3/SEP/2019', 1000, 'Cloudy dialysis effluent', 4, 4);
insert into hospitalizacion (servicio_id, fecha_ingreso, fecha_alta, costo_hosp, diagnostico_hosp, numero_cuenta_id, tratamiento_id) values (205, '7/JUN/2019', '8/FEB/2019', 1006, 'Hallucinogen dep-unspec', 5, 5);
insert into hospitalizacion (servicio_id, fecha_ingreso, fecha_alta, costo_hosp, diagnostico_hosp, numero_cuenta_id, tratamiento_id) values (206, '11/JUL/2019', '8/AUG/2019', 854, 'Arthropod virus NEC', 6, 6);
insert into hospitalizacion (servicio_id, fecha_ingreso, fecha_alta, costo_hosp, diagnostico_hosp, numero_cuenta_id, tratamiento_id) values (207, '10/AUG/2019', '4/OCT/2019', 1854, 'Abort NOS w shock-inc', 7, 7);
insert into hospitalizacion (servicio_id, fecha_ingreso, fecha_alta, costo_hosp, diagnostico_hosp, numero_cuenta_id, tratamiento_id) values (208, '6/SEP/2019', '7/NOV/2019', 868, 'Ant horn cell dis NEC', 8, 8);
insert into hospitalizacion (servicio_id, fecha_ingreso, fecha_alta, costo_hosp, diagnostico_hosp, numero_cuenta_id, tratamiento_id) values (209, '1/OCT/2020', '12/DEC/2019', 1989, 'Screen mammogram NEC', 9, 9);
insert into hospitalizacion (servicio_id, fecha_ingreso, fecha_alta, costo_hosp, diagnostico_hosp, numero_cuenta_id, tratamiento_id) values (210, '9/NOV/2019', '5/DEC/2019', 916, 'Dicalc phos cryst-pelvis', 10, 10);
insert into hospitalizacion (servicio_id, fecha_ingreso, fecha_alta, costo_hosp, diagnostico_hosp, numero_cuenta_id, tratamiento_id) values (211, '6/DEC/2019', '12/DEC/2019', 1403, 'Dicalc phos cryst-mult', 11, 11);
insert into hospitalizacion (servicio_id, fecha_ingreso, fecha_alta, costo_hosp, diagnostico_hosp, numero_cuenta_id, tratamiento_id) values (212, '12/JAN/2019', '12/FEB/2019', 1771, 'Spon ab w compl NEC-comp', 12, 12);
insert into hospitalizacion (servicio_id, fecha_ingreso, fecha_alta, costo_hosp, diagnostico_hosp, numero_cuenta_id, tratamiento_id) values (213, '6/FEB/2019', '6/MAR/2019', 612, 'RR acc w explosion-empl', 13, 13);
insert into hospitalizacion (servicio_id, fecha_ingreso, fecha_alta, costo_hosp, diagnostico_hosp, numero_cuenta_id, tratamiento_id) values (214, '12/MAR/2019', '2/JUN/2019', 977, 'Nonsp abn find-ms system', 14, 14);
insert into hospitalizacion (servicio_id, fecha_ingreso, fecha_alta, costo_hosp, diagnostico_hosp, numero_cuenta_id, tratamiento_id) values (215, '5/APR/2019', '12/OCT/2019', 1727, 'Congenital heart block', 15, 15);
insert into hospitalizacion (servicio_id, fecha_ingreso, fecha_alta, costo_hosp, diagnostico_hosp, numero_cuenta_id, tratamiento_id) values (216, '2/JUN/2019', '8/SEP/2019', 1016, 'Prev matern surg aff NB', 16, 16);
insert into hospitalizacion (servicio_id, fecha_ingreso, fecha_alta, costo_hosp, diagnostico_hosp, numero_cuenta_id, tratamiento_id) values (217, '11/JUL/2019', '11/AUG/2019', 855, 'Derang post med meniscus', 17, 17);
insert into hospitalizacion (servicio_id, fecha_ingreso, fecha_alta, costo_hosp, diagnostico_hosp, numero_cuenta_id, tratamiento_id) values (218, '4/AUG/2019', '1/SEP/2020', 694, 'Alternating esotropia', 18, 18);
insert into hospitalizacion (servicio_id, fecha_ingreso, fecha_alta, costo_hosp, diagnostico_hosp, numero_cuenta_id, tratamiento_id) values (219, '12/SEP/2019', '5/NOV/2019', 1099, '3rd burn w loss-palm', 19, 19);
insert into hospitalizacion (servicio_id, fecha_ingreso, fecha_alta, costo_hosp, diagnostico_hosp, numero_cuenta_id, tratamiento_id) values (220, '3/NOV/2019', '2/DEC/2019', 511, 'Vasc comp renal artery', 20, 20);
insert into hospitalizacion (servicio_id, fecha_ingreso, fecha_alta, costo_hosp, diagnostico_hosp, numero_cuenta_id, tratamiento_id) values (221, '7/DEC/2019', '7/DEC/2019', 1088, 'W/craft stair fall-swim', 21, 21);
insert into hospitalizacion (servicio_id, fecha_ingreso, fecha_alta, costo_hosp, diagnostico_hosp, numero_cuenta_id, tratamiento_id) values (222, '7/JAN/2019', '1/FEB/2020', 1316, 'Functional quadriplegia', 22, 22);
insert into hospitalizacion (servicio_id, fecha_ingreso, fecha_alta, costo_hosp, diagnostico_hosp, numero_cuenta_id, tratamiento_id) values (223, '3/FEB/2019', '10/MAR/2019', 1371, 'Catatonia-remission', 23, 23);
insert into hospitalizacion (servicio_id, fecha_ingreso, fecha_alta, costo_hosp, diagnostico_hosp, numero_cuenta_id, tratamiento_id) values (224, '12/MAR/2019', '5/APR/2019', 745, 'Vulval varices', 24, 24);
insert into hospitalizacion (servicio_id, fecha_ingreso, fecha_alta, costo_hosp, diagnostico_hosp, numero_cuenta_id, tratamiento_id) values (225, '4/APR/2019', '1/JUN/2020', 652, 'Postmastect lymphedema', 25, 25);
insert into hospitalizacion (servicio_id, fecha_ingreso, fecha_alta, costo_hosp, diagnostico_hosp, numero_cuenta_id, tratamiento_id) values (226, '2/JUN/2019', '3/JUL/2019', 1688, 'Depr psychos-sev w psych', 26, 26);
insert into hospitalizacion (servicio_id, fecha_ingreso, fecha_alta, costo_hosp, diagnostico_hosp, numero_cuenta_id, tratamiento_id) values (227, '5/JUL/2019', '1/AUG/2020', 1537, 'Fx c1 vertebra-closed', 27, 27);
insert into hospitalizacion (servicio_id, fecha_ingreso, fecha_alta, costo_hosp, diagnostico_hosp, numero_cuenta_id, tratamiento_id) values (228, '12/AUG/2019', '9/SEP/2019', 1246, 'Mxd celr unsp xtrndl org', 28, 28);
insert into hospitalizacion (servicio_id, fecha_ingreso, fecha_alta, costo_hosp, diagnostico_hosp, numero_cuenta_id, tratamiento_id) values (229, '1/SEP/2020', '2/NOV/2019', 564, 'Acc-hypodermic needle', 29, 29);
insert into hospitalizacion (servicio_id, fecha_ingreso, fecha_alta, costo_hosp, diagnostico_hosp, numero_cuenta_id, tratamiento_id) values (230, '5/OCT/2019', '5/NOV/2019', 1390, 'Peripheral retinal scars', 30, 30);
insert into hospitalizacion (servicio_id, fecha_ingreso, fecha_alta, costo_hosp, diagnostico_hosp, numero_cuenta_id, tratamiento_id) values (231, '6/NOV/2019', '12/DEC/2019', 829, 'Int asthma w status asth', 31, 31);
insert into hospitalizacion (servicio_id, fecha_ingreso, fecha_alta, costo_hosp, diagnostico_hosp, numero_cuenta_id, tratamiento_id) values (232, '11/DEC/2019', '11/DEC/2019', 657, 'Local vasculariza cornea', 32, 32);
insert into hospitalizacion (servicio_id, fecha_ingreso, fecha_alta, costo_hosp, diagnostico_hosp, numero_cuenta_id, tratamiento_id) values (233, '12/JAN/2019', '1/FEB/2020', 1705, 'Ac embolism veins NEC', 33, 33);
insert into hospitalizacion (servicio_id, fecha_ingreso, fecha_alta, costo_hosp, diagnostico_hosp, numero_cuenta_id, tratamiento_id) values (234, '4/FEB/2019', '7/MAR/2019', 1673, 'Sleep stage dysfunc NEC', 34, 34);
insert into hospitalizacion (servicio_id, fecha_ingreso, fecha_alta, costo_hosp, diagnostico_hosp, numero_cuenta_id, tratamiento_id) values (235, '10/MAR/2019', '9/APR/2019', 933, 'Hallucinations', 35, 35);
insert into hospitalizacion (servicio_id, fecha_ingreso, fecha_alta, costo_hosp, diagnostico_hosp, numero_cuenta_id, tratamiento_id) values (236, '6/APR/2019', '4/JUN/2019', 586, 'Bicornuate uterus', 36, 36);
insert into hospitalizacion (servicio_id, fecha_ingreso, fecha_alta, costo_hosp, diagnostico_hosp, numero_cuenta_id, tratamiento_id) values (237, '2/JUN/2019', '10/JUL/2019', 1670, 'Mal neo conjunctiva', 37, 37);
insert into hospitalizacion (servicio_id, fecha_ingreso, fecha_alta, costo_hosp, diagnostico_hosp, numero_cuenta_id, tratamiento_id) values (238, '4/JUL/2019', '4/AUG/2019', 1541, 'Cerebral atherosclerosis', 38, 38);
insert into hospitalizacion (servicio_id, fecha_ingreso, fecha_alta, costo_hosp, diagnostico_hosp, numero_cuenta_id, tratamiento_id) values (239, '2/AUG/2019', '2/SEP/2019', 1089, 'Black eye NOS', 39, 39);
insert into hospitalizacion (servicio_id, fecha_ingreso, fecha_alta, costo_hosp, diagnostico_hosp, numero_cuenta_id, tratamiento_id) values (240, '9/SEP/2019', '6/OCT/2019', 708, 'Hodg lymph deplet pelvic', 40, 40);
insert into hospitalizacion (servicio_id, fecha_ingreso, fecha_alta, costo_hosp, diagnostico_hosp, numero_cuenta_id, tratamiento_id) values (241, '1/OCT/2020', '2/NOV/2019', 768, 'Toxoplasm chorioretinit', 41, 41);
insert into hospitalizacion (servicio_id, fecha_ingreso, fecha_alta, costo_hosp, diagnostico_hosp, numero_cuenta_id, tratamiento_id) values (242, '1/NOV/2020', '2/NOV/2020', 1271, 'Fire in bldg-pvc fumes', 42, 42);
insert into hospitalizacion (servicio_id, fecha_ingreso, fecha_alta, costo_hosp, diagnostico_hosp, numero_cuenta_id, tratamiento_id) values (243, '11/DEC/2019', '5/NOV/2019', 1611, 'Cocaine depend-episodic', 43, 43);
insert into hospitalizacion (servicio_id, fecha_ingreso, fecha_alta, costo_hosp, diagnostico_hosp, numero_cuenta_id, tratamiento_id) values (244, '2/JAN/2019', '9/DEC/2019', 1926, 'Sec thrombocytpenia NEC', 44, 44);
insert into hospitalizacion (servicio_id, fecha_ingreso, fecha_alta, costo_hosp, diagnostico_hosp, numero_cuenta_id, tratamiento_id) values (245, '5/FEB/2019', '6/DEC/2019', 1720, 'Mal neo pancreas tail', 45, 45);
insert into hospitalizacion (servicio_id, fecha_ingreso, fecha_alta, costo_hosp, diagnostico_hosp, numero_cuenta_id, tratamiento_id) values (246, '1/MAR/2020', '8/DEC/2019', 1942, '80-89% bdy brn/10-19% 3d', 46, 46);
insert into hospitalizacion (servicio_id, fecha_ingreso, fecha_alta, costo_hosp, diagnostico_hosp, numero_cuenta_id, tratamiento_id) values (247, '7/APR/2019', '1/JAN/2020', 1524, 'Leg abor w pelv inf-unsp', 47, 47);
insert into hospitalizacion (servicio_id, fecha_ingreso, fecha_alta, costo_hosp, diagnostico_hosp, numero_cuenta_id, tratamiento_id) values (248, '8/JUN/2019', '8/FEB/2019', 1391, 'Open wound of face NOS', 48, 48);
insert into hospitalizacion (servicio_id, fecha_ingreso, fecha_alta, costo_hosp, diagnostico_hosp, numero_cuenta_id, tratamiento_id) values (249, '2/JUL/2019', '3/MAR/2019', 542, 'Twins w fetal loss-ante', 49, 49);
insert into hospitalizacion (servicio_id, fecha_ingreso, fecha_alta, costo_hosp, diagnostico_hosp, numero_cuenta_id, tratamiento_id) values (250, '5/SEP/2019', '12/NOV/2019', 907, 'Anim drawn veh-pers NEC', 50, 50);
insert into hospitalizacion (servicio_id, fecha_ingreso, fecha_alta, costo_hosp, diagnostico_hosp, numero_cuenta_id, tratamiento_id) values (251, '12/OCT/2019', '1/NOV/2020', 651, 'Periph T cell lym pelvic', 51, 51);
insert into hospitalizacion (servicio_id, fecha_ingreso, fecha_alta, costo_hosp, diagnostico_hosp, numero_cuenta_id, tratamiento_id) values (252, '10/NOV/2019', '1/DEC/2020', 1022, 'Prs ara wo inf/ntr w st', 52, 52);
insert into hospitalizacion (servicio_id, fecha_ingreso, fecha_alta, costo_hosp, diagnostico_hosp, numero_cuenta_id, tratamiento_id) values (253, '3/JUL/2019', '7/DEC/2019', 1168, 'Quartan malaria', 53, 53);
insert into hospitalizacion (servicio_id, fecha_ingreso, fecha_alta, costo_hosp, diagnostico_hosp, numero_cuenta_id, tratamiento_id) values (254, '2/JAN/2019', '8/NOV/2019', 1866, 'Toxic eff carbon tetrach', 54, 54);
insert into hospitalizacion (servicio_id, fecha_ingreso, fecha_alta, costo_hosp, diagnostico_hosp, numero_cuenta_id, tratamiento_id) values (255, '7/FEB/2019', '12/NOV/2019', 1689, 'Part detach-singl defec', 55, 55);
insert into hospitalizacion (servicio_id, fecha_ingreso, fecha_alta, costo_hosp, diagnostico_hosp, numero_cuenta_id, tratamiento_id) values (256, '7/JUN/2019', '8/NOV/2019', 1638, 'Postinf encephalitis NEC', 56, 56);
insert into hospitalizacion (servicio_id, fecha_ingreso, fecha_alta, costo_hosp, diagnostico_hosp, numero_cuenta_id, tratamiento_id) values (257, '1/JUL/2020', '6/NOV/2019', 552, 'Mv traff acc-ped cyc', 57, 57);
insert into hospitalizacion (servicio_id, fecha_ingreso, fecha_alta, costo_hosp, diagnostico_hosp, numero_cuenta_id, tratamiento_id) values (258, '12/AUG/2019', '8/SEP/2019', 515, 'Ped cycle acc-pers NEC', 58, 58);
insert into hospitalizacion (servicio_id, fecha_ingreso, fecha_alta, costo_hosp, diagnostico_hosp, numero_cuenta_id, tratamiento_id) values (259, '7/SEP/2019', '11/JAN/2019', 923, 'Hallucinogen dep-episod', 59, 59);
insert into hospitalizacion (servicio_id, fecha_ingreso, fecha_alta, costo_hosp, diagnostico_hosp, numero_cuenta_id, tratamiento_id) values (260, '12/OCT/2019', '4/FEB/2019', 1670, 'Mal neo nasopharynx NOS', 60, 60);
insert into hospitalizacion (servicio_id, fecha_ingreso, fecha_alta, costo_hosp, diagnostico_hosp, numero_cuenta_id, tratamiento_id) values (261, '3/NOV/2019', '6/MAR/2019', 1225, 'Ulceratve colitis unspcf', 61, 61);
insert into hospitalizacion (servicio_id, fecha_ingreso, fecha_alta, costo_hosp, diagnostico_hosp, numero_cuenta_id, tratamiento_id) values (262, '5/DEC/2019', '4/APR/2019', 1724, 'Fail trial lab NOS-deliv', 62, 62);
insert into hospitalizacion (servicio_id, fecha_ingreso, fecha_alta, costo_hosp, diagnostico_hosp, numero_cuenta_id, tratamiento_id) values (263, '2/JAN/2019', '12/JUN/2019', 967, 'TB of bone NEC-cult dx', 63, 63);
insert into hospitalizacion (servicio_id, fecha_ingreso, fecha_alta, costo_hosp, diagnostico_hosp, numero_cuenta_id, tratamiento_id) values (264, '5/FEB/2019', '5/JUL/2019', 1364, 'Arthropathy NEC-mult', 64, 64);
insert into hospitalizacion (servicio_id, fecha_ingreso, fecha_alta, costo_hosp, diagnostico_hosp, numero_cuenta_id, tratamiento_id) values (265, '8/MAR/2019', '12/APR/2019', 1719, 'Pruritic disorder NOS', 65, 65);
insert into hospitalizacion (servicio_id, fecha_ingreso, fecha_alta, costo_hosp, diagnostico_hosp, numero_cuenta_id, tratamiento_id) values (266, '7/APR/2019', '11/NOV/2019', 1575, 'Pyogen arthritis-forearm', 66, 66);
insert into hospitalizacion (servicio_id, fecha_ingreso, fecha_alta, costo_hosp, diagnostico_hosp, numero_cuenta_id, tratamiento_id) values (267, '12/JUN/2019', '7/NOV/2019', 1091, 'Acute rheumatic endocard', 67, 67);
insert into hospitalizacion (servicio_id, fecha_ingreso, fecha_alta, costo_hosp, diagnostico_hosp, numero_cuenta_id, tratamiento_id) values (268, '3/JUL/2019', '11/NOV/2019', 505, 'Herpetic infect of penis', 68, 68);
insert into hospitalizacion (servicio_id, fecha_ingreso, fecha_alta, costo_hosp, diagnostico_hosp, numero_cuenta_id, tratamiento_id) values (269, '3/AUG/2019', '4/SEP/2019', 904, 'Acc poisn-food/plant NOS', 69, 69);
insert into hospitalizacion (servicio_id, fecha_ingreso, fecha_alta, costo_hosp, diagnostico_hosp, numero_cuenta_id, tratamiento_id) values (270, '7/SEP/2019', '5/NOV/2019', 1437, 'Superf inj leg NEC-infec', 70, 70);
insert into hospitalizacion (servicio_id, fecha_ingreso, fecha_alta, costo_hosp, diagnostico_hosp, numero_cuenta_id, tratamiento_id) values (271, '6/OCT/2019', '6/NOV/2019', 1350, 'Adv eff medicinal NOS', 71, 71);
insert into hospitalizacion (servicio_id, fecha_ingreso, fecha_alta, costo_hosp, diagnostico_hosp, numero_cuenta_id, tratamiento_id) values (272, '9/NOV/2019', '2/NOV/2019', 856, 'Opn skul vlt fx-coma NOS', 72, 72);
insert into hospitalizacion (servicio_id, fecha_ingreso, fecha_alta, costo_hosp, diagnostico_hosp, numero_cuenta_id, tratamiento_id) values (273, '1/DEC/2020', '3/NOV/2019', 1786, 'Hiccough', 73, 73);
insert into hospitalizacion (servicio_id, fecha_ingreso, fecha_alta, costo_hosp, diagnostico_hosp, numero_cuenta_id, tratamiento_id) values (274, '6/JAN/2019', '10/FEB/2019', 1775, 'Mv n-traff NEC-pers NEC', 74, 74);
insert into hospitalizacion (servicio_id, fecha_ingreso, fecha_alta, costo_hosp, diagnostico_hosp, numero_cuenta_id, tratamiento_id) values (275, '9/FEB/2019', '8/MAR/2019', 1410, 'Dis interphalan foot-opn', 75, 75);
insert into hospitalizacion (servicio_id, fecha_ingreso, fecha_alta, costo_hosp, diagnostico_hosp, numero_cuenta_id, tratamiento_id) values (276, '3/MAR/2019', '8/JUN/2019', 535, 'Postherpes polyneuropath', 76, 76);
insert into hospitalizacion (servicio_id, fecha_ingreso, fecha_alta, costo_hosp, diagnostico_hosp, numero_cuenta_id, tratamiento_id) values (277, '6/JUN/2019', '8/JUL/2019', 1447, 'Stricture of ureter', 77, 77);
insert into hospitalizacion (servicio_id, fecha_ingreso, fecha_alta, costo_hosp, diagnostico_hosp, numero_cuenta_id, tratamiento_id) values (278, '1/JUL/2020', '11/AUG/2019', 512, 'Nonparalyt polio-type 3', 78, 78);
insert into hospitalizacion (servicio_id, fecha_ingreso, fecha_alta, costo_hosp, diagnostico_hosp, numero_cuenta_id, tratamiento_id) values (279, '11/AUG/2019', '3/SEP/2019', 1037, 'Oth col-stnd-obj-per NOS', 79, 79);
insert into hospitalizacion (servicio_id, fecha_ingreso, fecha_alta, costo_hosp, diagnostico_hosp, numero_cuenta_id, tratamiento_id) values (280, '11/SEP/2019', '9/OCT/2019', 553, 'Asympt postmeno status', 80, 80);
insert into hospitalizacion (servicio_id, fecha_ingreso, fecha_alta, costo_hosp, diagnostico_hosp, numero_cuenta_id, tratamiento_id) values (281, '11/NOV/2019', '4/NOV/2019', 1322, 'DMII renal uncntrld', 81, 81);
insert into hospitalizacion (servicio_id, fecha_ingreso, fecha_alta, costo_hosp, diagnostico_hosp, numero_cuenta_id, tratamiento_id) values (282, '5/DEC/2019', '3/DEC/2019', 832, 'Aqueous misdirection', 82, 82);
insert into hospitalizacion (servicio_id, fecha_ingreso, fecha_alta, costo_hosp, diagnostico_hosp, numero_cuenta_id, tratamiento_id) values (283, '10/JAN/2019', '11/OCT/2019', 1779, 'Anaplastic lymph abdom', 83, 83);
insert into hospitalizacion (servicio_id, fecha_ingreso, fecha_alta, costo_hosp, diagnostico_hosp, numero_cuenta_id, tratamiento_id) values (284, '2/FEB/2019', '2/OCT/2019', 1558, 'Cl skul base fx-coma NOS', 84, 84);
insert into hospitalizacion (servicio_id, fecha_ingreso, fecha_alta, costo_hosp, diagnostico_hosp, numero_cuenta_id, tratamiento_id) values (285, '4/MAR/2019', '12/OCT/2019', 1693, 'DMI hprosmlr uncontrold', 85, 85);
insert into hospitalizacion (servicio_id, fecha_ingreso, fecha_alta, costo_hosp, diagnostico_hosp, numero_cuenta_id, tratamiento_id) values (286, '3/APR/2019', '5/JUN/2019', 1709, 'Genu recurvatum', 86, 86);
insert into hospitalizacion (servicio_id, fecha_ingreso, fecha_alta, costo_hosp, diagnostico_hosp, numero_cuenta_id, tratamiento_id) values (287, '8/JUN/2019', '5/JUL/2019', 1484, 'Anorexia nervosa', 87, 87);
insert into hospitalizacion (servicio_id, fecha_ingreso, fecha_alta, costo_hosp, diagnostico_hosp, numero_cuenta_id, tratamiento_id) values (288, '12/JUL/2019', '4/AUG/2019', 1284, 'Arom amin-acid metab NEC', 88, 88);
insert into hospitalizacion (servicio_id, fecha_ingreso, fecha_alta, costo_hosp, diagnostico_hosp, numero_cuenta_id, tratamiento_id) values (289, '9/AUG/2019', '7/OCT/2019', 1814, 'Osteoarthros NOS-forearm', 89, 89);
insert into hospitalizacion (servicio_id, fecha_ingreso, fecha_alta, costo_hosp, diagnostico_hosp, numero_cuenta_id, tratamiento_id) values (290, '4/OCT/2019', '2/NOV/2019', 979, 'Senile depressive', 90, 90);
insert into hospitalizacion (servicio_id, fecha_ingreso, fecha_alta, costo_hosp, diagnostico_hosp, numero_cuenta_id, tratamiento_id) values (291, '10/NOV/2019', '2/NOV/2019', 1813, 'Psychogenic gu dis NOS', 91, 91);
insert into hospitalizacion (servicio_id, fecha_ingreso, fecha_alta, costo_hosp, diagnostico_hosp, numero_cuenta_id, tratamiento_id) values (292, '11/DEC/2019', '2/NOV/2019', 631, 'Cl skull fx NEC-coma NOS', 92, 92);
insert into hospitalizacion (servicio_id, fecha_ingreso, fecha_alta, costo_hosp, diagnostico_hosp, numero_cuenta_id, tratamiento_id) values (293, '10/FEB/2019', '1/FEB/2020', 618, 'Unspcf nongnccl urethrts', 93, 93);
insert into hospitalizacion (servicio_id, fecha_ingreso, fecha_alta, costo_hosp, diagnostico_hosp, numero_cuenta_id, tratamiento_id) values (294, '10/JAN/2019', '4/FEB/2019', 1791, 'Compl reattached arm NEC', 94, 94);
insert into hospitalizacion (servicio_id, fecha_ingreso, fecha_alta, costo_hosp, diagnostico_hosp, numero_cuenta_id, tratamiento_id) values (295, '9/FEB/2019', '12/JUN/2019', 1693, 'Oligohydramnios-unspec', 95, 95);
insert into hospitalizacion (servicio_id, fecha_ingreso, fecha_alta, costo_hosp, diagnostico_hosp, numero_cuenta_id, tratamiento_id) values (296, '7/MAR/2019', '11/JUL/2019', 1673, 'Arthritis due to rubella', 96, 96);
insert into hospitalizacion (servicio_id, fecha_ingreso, fecha_alta, costo_hosp, diagnostico_hosp, numero_cuenta_id, tratamiento_id) values (297, '3/APR/2019', '6/OCT/2019', 523, 'Disorder of penis NOS', 97, 97);
insert into hospitalizacion (servicio_id, fecha_ingreso, fecha_alta, costo_hosp, diagnostico_hosp, numero_cuenta_id, tratamiento_id) values (298, '12/JUN/2019', '9/OCT/2019', 690, 'Osteoarthros NOS-up/arm', 98, 98);
insert into hospitalizacion (servicio_id, fecha_ingreso, fecha_alta, costo_hosp, diagnostico_hosp, numero_cuenta_id, tratamiento_id) values (299, '10/JUL/2019', '6/OCT/2019', 885, 'Ornithosis complicat NEC', 99, 99);
insert into hospitalizacion (servicio_id, fecha_ingreso, fecha_alta, costo_hosp, diagnostico_hosp, numero_cuenta_id, tratamiento_id) values (300, '11/SEP/2019', '4/OCT/2019', 1919, 'Nonsp abn find-gu organs', 100, 100);
-----------------------------------------------------------
--------------------TABLA HABITACION
-----------------------------------------------------------
insert into habitacion (habitacion_id, especie, servicio_id) values (1, 'unavailable', 1);
insert into habitacion (habitacion_id, especie, servicio_id) values (2, 'Numida meleagris', 2);
insert into habitacion (habitacion_id, especie, servicio_id) values (3, 'Stercorarius longicausus', 3);
insert into habitacion (habitacion_id, especie, servicio_id) values (4, 'Coluber constrictor', 4);
insert into habitacion (habitacion_id, especie, servicio_id) values (5, 'Dicrostonyx groenlandicus', 5);
insert into habitacion (habitacion_id, especie, servicio_id) values (6, 'Terathopius ecaudatus', 6);
insert into habitacion (habitacion_id, especie, servicio_id) values (7, 'Paradoxurus hermaphroditus', 7);
insert into habitacion (habitacion_id, especie, servicio_id) values (8, 'Felis concolor', 8);
insert into habitacion (habitacion_id, especie, servicio_id) values (9, 'Taurotagus oryx', 9);
insert into habitacion (habitacion_id, especie, servicio_id) values (10, 'Pteropus rufus', 10);
insert into habitacion (habitacion_id, especie, servicio_id) values (11, 'Picoides pubescens', 11);
insert into habitacion (habitacion_id, especie, servicio_id) values (12, 'Kobus vardonii vardoni', 12);
insert into habitacion (habitacion_id, especie, servicio_id) values (13, 'Phalacrocorax albiventer', 13);
insert into habitacion (habitacion_id, especie, servicio_id) values (14, 'Echimys chrysurus', 14);
insert into habitacion (habitacion_id, especie, servicio_id) values (15, 'Terathopius ecaudatus', 15);
insert into habitacion (habitacion_id, especie, servicio_id) values (16, 'Felis concolor', 16);
insert into habitacion (habitacion_id, especie, servicio_id) values (17, 'Cercopithecus aethiops', 17);
insert into habitacion (habitacion_id, especie, servicio_id) values (18, 'Eremophila alpestris', 18);
insert into habitacion (habitacion_id, especie, servicio_id) values (19, 'Lycosa godeffroyi', 19);
insert into habitacion (habitacion_id, especie, servicio_id) values (20, 'Ovis ammon', 20);
insert into habitacion (habitacion_id, especie, servicio_id) values (21, 'Dicrurus adsimilis', 21);
insert into habitacion (habitacion_id, especie, servicio_id) values (22, 'Chlidonias leucopterus', 22);
insert into habitacion (habitacion_id, especie, servicio_id) values (23, 'Anitibyx armatus', 23);
insert into habitacion (habitacion_id, especie, servicio_id) values (24, 'Manouria emys', 24);
insert into habitacion (habitacion_id, especie, servicio_id) values (25, 'Cervus canadensis', 25);
insert into habitacion (habitacion_id, especie, servicio_id) values (26, 'Neophron percnopterus', 26);
insert into habitacion (habitacion_id, especie, servicio_id) values (27, 'Loris tardigratus', 27);
insert into habitacion (habitacion_id, especie, servicio_id) values (28, 'Manouria emys', 28);
insert into habitacion (habitacion_id, especie, servicio_id) values (29, 'Iguana iguana', 29);
insert into habitacion (habitacion_id, especie, servicio_id) values (30, 'Macropus robustus', 30);
insert into habitacion (habitacion_id, especie, servicio_id) values (31, 'Myiarchus tuberculifer', 31);
insert into habitacion (habitacion_id, especie, servicio_id) values (32, 'Ara ararauna', 32);
insert into habitacion (habitacion_id, especie, servicio_id) values (33, 'Corvus brachyrhynchos', 33);
insert into habitacion (habitacion_id, especie, servicio_id) values (34, 'Sylvicapra grimma', 34);
insert into habitacion (habitacion_id, especie, servicio_id) values (35, 'Lamprotornis nitens', 35);
insert into habitacion (habitacion_id, especie, servicio_id) values (36, 'Melophus lathami', 36);
insert into habitacion (habitacion_id, especie, servicio_id) values (37, 'Acrantophis madagascariensis', 37);
insert into habitacion (habitacion_id, especie, servicio_id) values (38, 'Cracticus nigroagularis', 38);
insert into habitacion (habitacion_id, especie, servicio_id) values (39, 'Eremophila alpestris', 39);
insert into habitacion (habitacion_id, especie, servicio_id) values (40, 'Larus dominicanus', 40);
insert into habitacion (habitacion_id, especie, servicio_id) values (41, 'Macropus rufogriseus', 41);
insert into habitacion (habitacion_id, especie, servicio_id) values (42, 'Chelodina longicollis', 42);
insert into habitacion (habitacion_id, especie, servicio_id) values (43, 'Pelecanus occidentalis', 43);
insert into habitacion (habitacion_id, especie, servicio_id) values (44, 'Dusicyon thous', 44);
insert into habitacion (habitacion_id, especie, servicio_id) values (45, 'Semnopithecus entellus', 45);
insert into habitacion (habitacion_id, especie, servicio_id) values (46, 'Cynictis penicillata', 46);
insert into habitacion (habitacion_id, especie, servicio_id) values (47, 'Zosterops pallidus', 47);
insert into habitacion (habitacion_id, especie, servicio_id) values (48, 'Marmota caligata', 48);
insert into habitacion (habitacion_id, especie, servicio_id) values (49, 'Cereopsis novaehollandiae', 49);
insert into habitacion (habitacion_id, especie, servicio_id) values (50, 'Rhea americana', 50);
insert into habitacion (habitacion_id, especie, servicio_id) values (51, 'Papio cynocephalus', 51);
insert into habitacion (habitacion_id, especie, servicio_id) values (52, 'Tayassu pecari', 52);
insert into habitacion (habitacion_id, especie, servicio_id) values (53, 'Orcinus orca', 53);
insert into habitacion (habitacion_id, especie, servicio_id) values (54, 'Podargus strigoides', 54);
insert into habitacion (habitacion_id, especie, servicio_id) values (55, 'Lamprotornis superbus', 55);
insert into habitacion (habitacion_id, especie, servicio_id) values (56, 'Hippopotamus amphibius', 56);
insert into habitacion (habitacion_id, especie, servicio_id) values (57, 'Platalea leucordia', 57);
insert into habitacion (habitacion_id, especie, servicio_id) values (58, 'Colobus guerza', 58);
insert into habitacion (habitacion_id, especie, servicio_id) values (59, 'Phalacrocorax niger', 59);
insert into habitacion (habitacion_id, especie, servicio_id) values (60, 'Felis silvestris lybica', 60);
insert into habitacion (habitacion_id, especie, servicio_id) values (61, 'Alopex lagopus', 61);
insert into habitacion (habitacion_id, especie, servicio_id) values (62, 'Spizaetus coronatus', 62);
insert into habitacion (habitacion_id, especie, servicio_id) values (63, 'Geochelone radiata', 63);
insert into habitacion (habitacion_id, especie, servicio_id) values (64, 'Deroptyus accipitrinus', 64);
insert into habitacion (habitacion_id, especie, servicio_id) values (65, 'Cebus apella', 65);
insert into habitacion (habitacion_id, especie, servicio_id) values (66, 'Kobus defassa', 66);
insert into habitacion (habitacion_id, especie, servicio_id) values (67, 'Oryx gazella callotis', 67);
insert into habitacion (habitacion_id, especie, servicio_id) values (68, 'Iguana iguana', 68);
insert into habitacion (habitacion_id, especie, servicio_id) values (69, 'Trachyphonus vaillantii', 69);
insert into habitacion (habitacion_id, especie, servicio_id) values (70, 'Sciurus vulgaris', 70);
insert into habitacion (habitacion_id, especie, servicio_id) values (71, 'Canis mesomelas', 71);
insert into habitacion (habitacion_id, especie, servicio_id) values (72, 'Aquila chrysaetos', 72);
insert into habitacion (habitacion_id, especie, servicio_id) values (73, 'Taurotagus oryx', 73);
insert into habitacion (habitacion_id, especie, servicio_id) values (74, 'Uraeginthus granatina', 74);
insert into habitacion (habitacion_id, especie, servicio_id) values (75, 'Vanessa indica', 75);
insert into habitacion (habitacion_id, especie, servicio_id) values (76, 'Zenaida asiatica', 76);
insert into habitacion (habitacion_id, especie, servicio_id) values (77, 'Leptoptilus dubius', 77);
insert into habitacion (habitacion_id, especie, servicio_id) values (78, 'Nycticorax nycticorax', 78);
insert into habitacion (habitacion_id, especie, servicio_id) values (79, 'Pteronura brasiliensis', 79);
insert into habitacion (habitacion_id, especie, servicio_id) values (80, 'Hippotragus equinus', 80);
insert into habitacion (habitacion_id, especie, servicio_id) values (81, 'Acrobates pygmaeus', 81);
insert into habitacion (habitacion_id, especie, servicio_id) values (82, 'Perameles nasuta', 82);
insert into habitacion (habitacion_id, especie, servicio_id) values (83, 'Buteo jamaicensis', 83);
insert into habitacion (habitacion_id, especie, servicio_id) values (84, 'Hystrix cristata', 84);
insert into habitacion (habitacion_id, especie, servicio_id) values (85, 'Merops sp.', 85);
insert into habitacion (habitacion_id, especie, servicio_id) values (86, 'Equus hemionus', 86);
insert into habitacion (habitacion_id, especie, servicio_id) values (87, 'Phoca vitulina', 87);
insert into habitacion (habitacion_id, especie, servicio_id) values (88, 'Nyctea scandiaca', 88);
insert into habitacion (habitacion_id, especie, servicio_id) values (89, 'Choloepus hoffmani', 89);
insert into habitacion (habitacion_id, especie, servicio_id) values (90, 'Vanessa indica', 90);
insert into habitacion (habitacion_id, especie, servicio_id) values (91, 'Rangifer tarandus', 91);
insert into habitacion (habitacion_id, especie, servicio_id) values (92, 'Nannopterum harrisi', 92);
insert into habitacion (habitacion_id, especie, servicio_id) values (93, 'Ammospermophilus nelsoni', 93);
insert into habitacion (habitacion_id, especie, servicio_id) values (94, 'Varanus salvator', 94);
insert into habitacion (habitacion_id, especie, servicio_id) values (95, 'Dendrocitta vagabunda', 95);
insert into habitacion (habitacion_id, especie, servicio_id) values (96, 'Aonyx cinerea', 96);
insert into habitacion (habitacion_id, especie, servicio_id) values (97, 'Cacatua tenuirostris', 97);
insert into habitacion (habitacion_id, especie, servicio_id) values (98, 'Macropus agilis', 98);
insert into habitacion (habitacion_id, especie, servicio_id) values (99, 'unavailable', 99);
insert into habitacion (habitacion_id, especie, servicio_id) values (100, 'Vanellus chilensis', 100);
-----------------------------------------------------------
--------------------TABLA JAULA
----------------------------------------------------------
insert into jaula (jaula_id , habitacion_id, id_empleado) values (1, 1, 76);
insert into jaula (jaula_id , habitacion_id, id_empleado) values (2, 2, 77);
insert into jaula (jaula_id , habitacion_id, id_empleado) values (3, 3, 78);
insert into jaula (jaula_id , habitacion_id, id_empleado) values (4, 4, 79);
insert into jaula (jaula_id , habitacion_id, id_empleado) values (5, 5, 80);
insert into jaula (jaula_id , habitacion_id, id_empleado) values (6, 6, 81);
insert into jaula (jaula_id , habitacion_id, id_empleado) values (7, 7, 82);
insert into jaula (jaula_id , habitacion_id, id_empleado) values (8, 8, 83);
insert into jaula (jaula_id , habitacion_id, id_empleado) values (9, 9, 84);
insert into jaula (jaula_id , habitacion_id, id_empleado) values (10, 10, 85);
insert into jaula (jaula_id , habitacion_id, id_empleado) values (11, 11, 86);
insert into jaula (jaula_id , habitacion_id, id_empleado) values (12, 12, 87);
insert into jaula (jaula_id , habitacion_id, id_empleado) values (13, 13, 88);
insert into jaula (jaula_id , habitacion_id, id_empleado) values (14, 14, 89);
insert into jaula (jaula_id , habitacion_id, id_empleado) values (15, 15, 90);
insert into jaula (jaula_id , habitacion_id, id_empleado) values (16, 16, 91);
insert into jaula (jaula_id , habitacion_id, id_empleado) values (17, 17, 92);
insert into jaula (jaula_id , habitacion_id, id_empleado) values (18, 18, 93);
insert into jaula (jaula_id , habitacion_id, id_empleado) values (19, 19, 94);
insert into jaula (jaula_id , habitacion_id, id_empleado) values (20, 20, 95);
insert into jaula (jaula_id , habitacion_id, id_empleado) values (21, 21, 96);
insert into jaula (jaula_id , habitacion_id, id_empleado) values (22, 22, 97);
insert into jaula (jaula_id , habitacion_id, id_empleado) values (23, 23, 98);
insert into jaula (jaula_id , habitacion_id, id_empleado) values (24, 24, 99);
insert into jaula (jaula_id , habitacion_id, id_empleado) values (25, 25, 100);
insert into jaula (jaula_id , habitacion_id, id_empleado) values (26, 26, 101);
insert into jaula (jaula_id , habitacion_id, id_empleado) values (27, 27, 102);
insert into jaula (jaula_id , habitacion_id, id_empleado) values (28, 28, 103);
insert into jaula (jaula_id , habitacion_id, id_empleado) values (29, 29, 104);
insert into jaula (jaula_id , habitacion_id, id_empleado) values (30, 30, 105);
insert into jaula (jaula_id , habitacion_id, id_empleado) values (31, 31, 106);
insert into jaula (jaula_id , habitacion_id, id_empleado) values (32, 32, 107);
insert into jaula (jaula_id , habitacion_id, id_empleado) values (33, 33, 108);
insert into jaula (jaula_id , habitacion_id, id_empleado) values (34, 34, 109);
insert into jaula (jaula_id , habitacion_id, id_empleado) values (35, 35, 110);
insert into jaula (jaula_id , habitacion_id, id_empleado) values (36, 36, 111);
insert into jaula (jaula_id , habitacion_id, id_empleado) values (37, 37, 112);
insert into jaula (jaula_id , habitacion_id, id_empleado) values (38, 38, 113);
insert into jaula (jaula_id , habitacion_id, id_empleado) values (39, 39, 114);
insert into jaula (jaula_id , habitacion_id, id_empleado) values (40, 40, 115);
insert into jaula (jaula_id , habitacion_id, id_empleado) values (41, 41, 116);
insert into jaula (jaula_id , habitacion_id, id_empleado) values (42, 42, 117);
insert into jaula (jaula_id , habitacion_id, id_empleado) values (43, 43, 118);
insert into jaula (jaula_id , habitacion_id, id_empleado) values (44, 44, 119);
insert into jaula (jaula_id , habitacion_id, id_empleado) values (45, 45, 120);
insert into jaula (jaula_id , habitacion_id, id_empleado) values (46, 46, 121);
insert into jaula (jaula_id , habitacion_id, id_empleado) values (47, 47, 122);
insert into jaula (jaula_id , habitacion_id, id_empleado) values (48, 48, 123);
insert into jaula (jaula_id , habitacion_id, id_empleado) values (49, 49, 124);
insert into jaula (jaula_id , habitacion_id, id_empleado) values (50, 50, 125);
insert into jaula (jaula_id , habitacion_id, id_empleado) values (51, 51, 126);
insert into jaula (jaula_id , habitacion_id, id_empleado) values (52, 52, 127);
insert into jaula (jaula_id , habitacion_id, id_empleado) values (53, 53, 128);
insert into jaula (jaula_id , habitacion_id, id_empleado) values (54, 54, 129);
insert into jaula (jaula_id , habitacion_id, id_empleado) values (55, 55, 130);
insert into jaula (jaula_id , habitacion_id, id_empleado) values (56, 56, 131);
insert into jaula (jaula_id , habitacion_id, id_empleado) values (57, 57, 132);
insert into jaula (jaula_id , habitacion_id, id_empleado) values (58, 58, 133);
insert into jaula (jaula_id , habitacion_id, id_empleado) values (59, 59, 134);
insert into jaula (jaula_id , habitacion_id, id_empleado) values (60, 60, 135);
insert into jaula (jaula_id , habitacion_id, id_empleado) values (61, 61, 136);
insert into jaula (jaula_id , habitacion_id, id_empleado) values (62, 62, 137);
insert into jaula (jaula_id , habitacion_id, id_empleado) values (63, 63, 138);
insert into jaula (jaula_id , habitacion_id, id_empleado) values (64, 64, 139);
insert into jaula (jaula_id , habitacion_id, id_empleado) values (65, 65, 140);
insert into jaula (jaula_id , habitacion_id, id_empleado) values (66, 66, 141);
insert into jaula (jaula_id , habitacion_id, id_empleado) values (67, 67, 142);
insert into jaula (jaula_id , habitacion_id, id_empleado) values (68, 68, 143);
insert into jaula (jaula_id , habitacion_id, id_empleado) values (69, 69, 144);
insert into jaula (jaula_id , habitacion_id, id_empleado) values (70, 70, 145);
insert into jaula (jaula_id , habitacion_id, id_empleado) values (71, 71, 146);
insert into jaula (jaula_id , habitacion_id, id_empleado) values (72, 72, 147);
insert into jaula (jaula_id , habitacion_id, id_empleado) values (73, 73, 148);
insert into jaula (jaula_id , habitacion_id, id_empleado) values (74, 74, 149);
insert into jaula (jaula_id , habitacion_id, id_empleado) values (75, 75, 150);
------------------------------------
----------------TABLA PAGO
-----------------------------------
insert into pago (numpago_id, numero_cuenta_id, estado, fecha_realizacion) values (1, 1, 1, '11/18/2019');
insert into pago (numpago_id, numero_cuenta_id, estado, fecha_realizacion) values (2, 2, 0, '9/1/2019');
insert into pago (numpago_id, numero_cuenta_id, estado, fecha_realizacion) values (3, 3, 0, '9/18/2019');
insert into pago (numpago_id, numero_cuenta_id, estado, fecha_realizacion) values (4, 4, 0, '12/28/2019');
insert into pago (numpago_id, numero_cuenta_id, estado, fecha_realizacion) values (5, 5, 1, '7/11/2019');
insert into pago (numpago_id, numero_cuenta_id, estado, fecha_realizacion) values (6, 6, 1, '3/9/2019');
insert into pago (numpago_id, numero_cuenta_id, estado, fecha_realizacion) values (7, 7, 1, '1/20/2020');
insert into pago (numpago_id, numero_cuenta_id, estado, fecha_realizacion) values (8, 8, 0, '9/19/2019');
insert into pago (numpago_id, numero_cuenta_id, estado, fecha_realizacion) values (9, 9, 1, '5/27/2019');
insert into pago (numpago_id, numero_cuenta_id, estado, fecha_realizacion) values (10, 10, 1, '7/27/2019');
insert into pago (numpago_id, numero_cuenta_id, estado, fecha_realizacion) values (11, 11, 0, '1/28/2020');
insert into pago (numpago_id, numero_cuenta_id, estado, fecha_realizacion) values (12, 12, 1, '9/18/2019');
insert into pago (numpago_id, numero_cuenta_id, estado, fecha_realizacion) values (13, 13, 0, '6/28/2019');
insert into pago (numpago_id, numero_cuenta_id, estado, fecha_realizacion) values (14, 14, 0, '3/26/2019');
insert into pago (numpago_id, numero_cuenta_id, estado, fecha_realizacion) values (15, 15, 0, '1/24/2020');
insert into pago (numpago_id, numero_cuenta_id, estado, fecha_realizacion) values (16, 16, 0, '11/13/2019');
insert into pago (numpago_id, numero_cuenta_id, estado, fecha_realizacion) values (17, 17, 0, '11/13/2019');
insert into pago (numpago_id, numero_cuenta_id, estado, fecha_realizacion) values (18, 18, 0, '10/25/2019');
insert into pago (numpago_id, numero_cuenta_id, estado, fecha_realizacion) values (19, 19, 0, '10/29/2019');
insert into pago (numpago_id, numero_cuenta_id, estado, fecha_realizacion) values (20, 20, 1, '8/9/2019');
insert into pago (numpago_id, numero_cuenta_id, estado, fecha_realizacion) values (21, 21, 0, '2/18/2019');
insert into pago (numpago_id, numero_cuenta_id, estado, fecha_realizacion) values (22, 22, 1, '7/30/2019');
insert into pago (numpago_id, numero_cuenta_id, estado, fecha_realizacion) values (23, 23, 0, '5/7/2019');
insert into pago (numpago_id, numero_cuenta_id, estado, fecha_realizacion) values (24, 24, 1, '8/1/2019');
insert into pago (numpago_id, numero_cuenta_id, estado, fecha_realizacion) values (25, 25, 0, '1/18/2020');
insert into pago (numpago_id, numero_cuenta_id, estado, fecha_realizacion) values (26, 26, 0, '5/15/2019');
insert into pago (numpago_id, numero_cuenta_id, estado, fecha_realizacion) values (27, 27, 0, '3/4/2019');
insert into pago (numpago_id, numero_cuenta_id, estado, fecha_realizacion) values (28, 28, 0, '5/25/2019');
insert into pago (numpago_id, numero_cuenta_id, estado, fecha_realizacion) values (29, 29, 0, '7/21/2019');
insert into pago (numpago_id, numero_cuenta_id, estado, fecha_realizacion) values (30, 30, 0, '4/30/2019');
insert into pago (numpago_id, numero_cuenta_id, estado, fecha_realizacion) values (31, 31, 1, '11/17/2019');
insert into pago (numpago_id, numero_cuenta_id, estado, fecha_realizacion) values (32, 32, 0, '6/8/2019');
insert into pago (numpago_id, numero_cuenta_id, estado, fecha_realizacion) values (33, 33, 0, '5/1/2019');
insert into pago (numpago_id, numero_cuenta_id, estado, fecha_realizacion) values (34, 34, 0, '1/5/2020');
insert into pago (numpago_id, numero_cuenta_id, estado, fecha_realizacion) values (35, 35, 0, '12/17/2019');
insert into pago (numpago_id, numero_cuenta_id, estado, fecha_realizacion) values (36, 36, 1, '11/28/2019');
insert into pago (numpago_id, numero_cuenta_id, estado, fecha_realizacion) values (37, 37, 1, '9/11/2019');
insert into pago (numpago_id, numero_cuenta_id, estado, fecha_realizacion) values (38, 38, 1, '7/25/2019');
insert into pago (numpago_id, numero_cuenta_id, estado, fecha_realizacion) values (39, 39, 0, '5/15/2019');
insert into pago (numpago_id, numero_cuenta_id, estado, fecha_realizacion) values (40, 40, 1, '8/27/2019');
insert into pago (numpago_id, numero_cuenta_id, estado, fecha_realizacion) values (41, 41, 1, '11/16/2019');
insert into pago (numpago_id, numero_cuenta_id, estado, fecha_realizacion) values (42, 42, 0, '3/7/2019');
insert into pago (numpago_id, numero_cuenta_id, estado, fecha_realizacion) values (43, 43, 1, '7/31/2019');
insert into pago (numpago_id, numero_cuenta_id, estado, fecha_realizacion) values (44, 44, 0, '3/15/2019');
insert into pago (numpago_id, numero_cuenta_id, estado, fecha_realizacion) values (45, 45, 0, '10/8/2019');
insert into pago (numpago_id, numero_cuenta_id, estado, fecha_realizacion) values (46, 46, 0, '4/3/2019');
insert into pago (numpago_id, numero_cuenta_id, estado, fecha_realizacion) values (47, 47, 1, '5/5/2019');
insert into pago (numpago_id, numero_cuenta_id, estado, fecha_realizacion) values (48, 48, 0, '9/22/2019');
insert into pago (numpago_id, numero_cuenta_id, estado, fecha_realizacion) values (49, 49, 0, '3/30/2019');
insert into pago (numpago_id, numero_cuenta_id, estado, fecha_realizacion) values (50, 50, 1, '6/26/2019');
insert into pago (numpago_id, numero_cuenta_id, estado, fecha_realizacion) values (51, 51, 1, '12/2/2019');
insert into pago (numpago_id, numero_cuenta_id, estado, fecha_realizacion) values (52, 52, 0, '5/23/2019');
insert into pago (numpago_id, numero_cuenta_id, estado, fecha_realizacion) values (53, 53, 1, '4/25/2019');
insert into pago (numpago_id, numero_cuenta_id, estado, fecha_realizacion) values (54, 54, 1, '9/30/2019');
insert into pago (numpago_id, numero_cuenta_id, estado, fecha_realizacion) values (55, 55, 1, '7/18/2019');
insert into pago (numpago_id, numero_cuenta_id, estado, fecha_realizacion) values (56, 56, 0, '4/2/2019');
insert into pago (numpago_id, numero_cuenta_id, estado, fecha_realizacion) values (57, 57, 0, '4/8/2019');
insert into pago (numpago_id, numero_cuenta_id, estado, fecha_realizacion) values (58, 58, 1, '11/7/2019');
insert into pago (numpago_id, numero_cuenta_id, estado, fecha_realizacion) values (59, 59, 1, '3/14/2019');
insert into pago (numpago_id, numero_cuenta_id, estado, fecha_realizacion) values (60, 60, 1, '6/6/2019');
insert into pago (numpago_id, numero_cuenta_id, estado, fecha_realizacion) values (61, 61, 0, '4/26/2019');
insert into pago (numpago_id, numero_cuenta_id, estado, fecha_realizacion) values (62, 62, 0, '7/4/2019');
insert into pago (numpago_id, numero_cuenta_id, estado, fecha_realizacion) values (63, 63, 0, '5/13/2019');
insert into pago (numpago_id, numero_cuenta_id, estado, fecha_realizacion) values (64, 64, 1, '3/31/2019');
insert into pago (numpago_id, numero_cuenta_id, estado, fecha_realizacion) values (65, 65, 1, '10/2/2019');
insert into pago (numpago_id, numero_cuenta_id, estado, fecha_realizacion) values (66, 66, 0, '4/22/2019');
insert into pago (numpago_id, numero_cuenta_id, estado, fecha_realizacion) values (67, 67, 0, '1/17/2020');
insert into pago (numpago_id, numero_cuenta_id, estado, fecha_realizacion) values (68, 68, 0, '1/29/2020');
insert into pago (numpago_id, numero_cuenta_id, estado, fecha_realizacion) values (69, 69, 1, '5/14/2019');
insert into pago (numpago_id, numero_cuenta_id, estado, fecha_realizacion) values (70, 70, 0, '10/20/2019');
insert into pago (numpago_id, numero_cuenta_id, estado, fecha_realizacion) values (71, 71, 1, '7/8/2019');
insert into pago (numpago_id, numero_cuenta_id, estado, fecha_realizacion) values (72, 72, 1, '1/23/2020');
insert into pago (numpago_id, numero_cuenta_id, estado, fecha_realizacion) values (73, 73, 1, '4/27/2019');
insert into pago (numpago_id, numero_cuenta_id, estado, fecha_realizacion) values (74, 74, 0, '3/6/2019');
insert into pago (numpago_id, numero_cuenta_id, estado, fecha_realizacion) values (75, 75, 0, '4/3/2019');
insert into pago (numpago_id, numero_cuenta_id, estado, fecha_realizacion) values (76, 76, 1, '2/20/2019');
insert into pago (numpago_id, numero_cuenta_id, estado, fecha_realizacion) values (77, 77, 1, '6/7/2019');
insert into pago (numpago_id, numero_cuenta_id, estado, fecha_realizacion) values (78, 78, 1, '8/7/2019');
insert into pago (numpago_id, numero_cuenta_id, estado, fecha_realizacion) values (79, 79, 0, '11/25/2019');
insert into pago (numpago_id, numero_cuenta_id, estado, fecha_realizacion) values (80, 80, 1, '7/10/2019');
insert into pago (numpago_id, numero_cuenta_id, estado, fecha_realizacion) values (81, 81, 1, '6/18/2019');
insert into pago (numpago_id, numero_cuenta_id, estado, fecha_realizacion) values (82, 82, 0, '10/12/2019');
insert into pago (numpago_id, numero_cuenta_id, estado, fecha_realizacion) values (83, 83, 1, '7/15/2019');
insert into pago (numpago_id, numero_cuenta_id, estado, fecha_realizacion) values (84, 84, 1, '1/11/2020');
insert into pago (numpago_id, numero_cuenta_id, estado, fecha_realizacion) values (85, 85, 1, '10/31/2019');
insert into pago (numpago_id, numero_cuenta_id, estado, fecha_realizacion) values (86, 86, 1, '1/18/2020');
insert into pago (numpago_id, numero_cuenta_id, estado, fecha_realizacion) values (87, 87, 0, '3/19/2019');
insert into pago (numpago_id, numero_cuenta_id, estado, fecha_realizacion) values (88, 88, 0, '9/9/2019');
insert into pago (numpago_id, numero_cuenta_id, estado, fecha_realizacion) values (89, 89, 0, '12/16/2019');
insert into pago (numpago_id, numero_cuenta_id, estado, fecha_realizacion) values (90, 90, 0, '12/17/2019');
insert into pago (numpago_id, numero_cuenta_id, estado, fecha_realizacion) values (91, 91, 0, '5/14/2019');
insert into pago (numpago_id, numero_cuenta_id, estado, fecha_realizacion) values (92, 92, 0, '10/25/2019');
insert into pago (numpago_id, numero_cuenta_id, estado, fecha_realizacion) values (93, 93, 1, '3/22/2019');
insert into pago (numpago_id, numero_cuenta_id, estado, fecha_realizacion) values (94, 94, 1, '8/12/2019');
insert into pago (numpago_id, numero_cuenta_id, estado, fecha_realizacion) values (95, 95, 1, '6/2/2019');
insert into pago (numpago_id, numero_cuenta_id, estado, fecha_realizacion) values (96, 96, 1, '11/1/2019');
insert into pago (numpago_id, numero_cuenta_id, estado, fecha_realizacion) values (97, 97, 1, '9/29/2019');
insert into pago (numpago_id, numero_cuenta_id, estado, fecha_realizacion) values (98, 98, 0, '9/10/2019');